run_id,model,method,budget_N,rho,seed,aligned_accuracy,bias_conflict_accuracy,pairwise_flip_rate,counterfactual_consistency,worst_group_accuracy,train_minutes,gpu_minutes,n80_pass,notes
lenet_dfr_N100_seed0,lenet,dfr,100,0.998,0,0.9861999750137329,0.8241555690765381,0.16979999840259552,0.565500020980835,0.14785991609096527,0.001761878530184428,0.001761878530184428,False,source=autodl_rtx4090_cuda12_4
lenet_dfr_N100_seed1,lenet,dfr,100,0.998,1,0.9839000105857849,0.8488222360610962,0.14203333854675293,0.6353999972343445,0.5153617262840271,0.002726323902606964,0.002726323902606964,False,source=autodl_rtx4090_cuda12_4
lenet_dfr_N100_seed2,lenet,dfr,100,0.998,2,0.9878000020980835,0.8634222149848938,0.12833333015441895,0.6348999738693237,0.3201189339160919,0.0036522996922334033,0.0036522996922334033,False,source=autodl_rtx4090_cuda12_4
lenet_dfr_N100_seed3,lenet,dfr,100,0.998,3,0.957099974155426,0.8506666421890259,0.12987777590751648,0.6439999938011169,0.37166324257850647,0.0024078324437141418,0.0024078324437141418,False,source=autodl_rtx4090_cuda12_4
lenet_dfr_N100_seed4,lenet,dfr,100,0.998,4,0.9846000075340271,0.8298110961914062,0.1612444370985031,0.5889000296592712,0.29108911752700806,0.0022757828235626222,0.0022757828235626222,False,source=autodl_rtx4090_cuda12_4
lenet_dfr_N1000_seed0,lenet,dfr,1000,0.98,0,0.9930999875068665,0.9492999911308289,0.04582222178578377,0.8741000294685364,0.798638105392456,0.01679290160536766,0.01679290160536766,True,source=autodl_rtx4090_cuda12_4
lenet_dfr_N1000_seed1,lenet,dfr,1000,0.98,1,0.9927999973297119,0.9580110907554626,0.03602222353219986,0.9039999842643738,0.8809034824371338,0.017973806460698447,0.017973806460698447,True,source=autodl_rtx4090_cuda12_4
lenet_dfr_N1000_seed2,lenet,dfr,1000,0.98,2,0.9937999844551086,0.9624000191688538,0.032911110669374466,0.9114999771118164,0.8860369324684143,0.019205585370461145,0.019205585370461145,True,source=autodl_rtx4090_cuda12_4
lenet_dfr_N1000_seed3,lenet,dfr,1000,0.98,3,0.9932000041007996,0.9549333453178406,0.03974444419145584,0.8949000239372253,0.8531827330589294,0.018881968905528387,0.018881968905528387,True,source=autodl_rtx4090_cuda12_4
lenet_dfr_N1000_seed4,lenet,dfr,1000,0.98,4,0.9926000237464905,0.9551222324371338,0.03937777876853943,0.8866999745368958,0.8414396643638611,0.012522615492343903,0.012522615492343903,True,source=autodl_rtx4090_cuda12_4
lenet_dfr_N250_seed0,lenet,dfr,250,0.995,0,0.9915000200271606,0.9053333401679993,0.08990000188350677,0.7592999935150146,0.6088295578956604,0.008590953797101975,0.008590953797101975,True,source=autodl_rtx4090_cuda12_4
lenet_dfr_N250_seed1,lenet,dfr,250,0.995,1,0.9927999973297119,0.91839998960495,0.07645555585622787,0.8019999861717224,0.7515274882316589,0.008413490901390711,0.008413490901390711,True,source=autodl_rtx4090_cuda12_4
lenet_dfr_N250_seed2,lenet,dfr,250,0.995,2,0.9857000112533569,0.9235000014305115,0.0677555575966835,0.8021000027656555,0.7244796752929688,0.008698974301417669,0.008698974301417669,True,source=autodl_rtx4090_cuda12_4
lenet_dfr_N250_seed3,lenet,dfr,250,0.995,3,0.9904999732971191,0.9176111221313477,0.07557778060436249,0.7919999957084656,0.6190965175628662,0.0055745035409927365,0.0055745035409927365,True,source=autodl_rtx4090_cuda12_4
lenet_dfr_N250_seed4,lenet,dfr,250,0.995,4,0.9925000071525574,0.9061333537101746,0.08948888629674911,0.7566999793052673,0.5445736646652222,0.003934289515018463,0.003934289515018463,True,source=autodl_rtx4090_cuda12_4
lenet_dfr_N2500_seed0,lenet,dfr,2500,0.95,0,0.9941999912261963,0.966188907623291,0.029311111196875572,0.9222000241279602,0.8921971321105957,0.03355386008818944,0.03355386008818944,True,source=autodl_rtx4090_cuda12_4
lenet_dfr_N2500_seed1,lenet,dfr,2500,0.95,1,0.992900013923645,0.9695333242416382,0.025366665795445442,0.9307000041007996,0.9166666865348816,0.03296351134777069,0.03296351134777069,True,source=autodl_rtx4090_cuda12_4
lenet_dfr_N2500_seed2,lenet,dfr,2500,0.95,2,0.9936000108718872,0.9743221998214722,0.020899999886751175,0.9423999786376953,0.9335976243019104,0.03422967344522476,0.03422967344522476,True,source=autodl_rtx4090_cuda12_4
lenet_dfr_N2500_seed3,lenet,dfr,2500,0.95,3,0.993399977684021,0.9699888825416565,0.025699999183416367,0.9315000176429749,0.9187313914299011,0.07160243118802706,0.07160243118802706,True,source=autodl_rtx4090_cuda12_4
lenet_dfr_N2500_seed4,lenet,dfr,2500,0.95,4,0.9936000108718872,0.970644474029541,0.02500000037252903,0.9312999844551086,0.9204035997390747,0.05660424580176671,0.05660424580176671,True,source=autodl_rtx4090_cuda12_4
lenet_dfr_N50_seed0,lenet,dfr,50,0.999,0,0.9785000085830688,0.7235666513442993,0.26981112360954285,0.34369999170303345,0.15213178098201752,0.0020464090009530383,0.0020464090009530383,False,source=autodl_rtx4090_cuda12_4
lenet_dfr_N50_seed1,lenet,dfr,50,0.999,1,0.9832000136375427,0.6895666718482971,0.3051222264766693,0.2906999886035919,0.009910802356898785,0.0014710778991381328,0.0014710778991381328,False,source=autodl_rtx4090_cuda12_4
lenet_dfr_N50_seed2,lenet,dfr,50,0.999,2,0.986299991607666,0.7659777998924255,0.22716666758060455,0.383899986743927,0.024640657007694244,0.0018055438995361328,0.0018055438995361328,False,source=autodl_rtx4090_cuda12_4
lenet_dfr_N50_seed3,lenet,dfr,50,0.999,3,0.9761000275611877,0.7299110889434814,0.2588889002799988,0.3952000141143799,0.16860465705394745,0.0012617506086826324,0.0012617506086826324,False,source=autodl_rtx4090_cuda12_4
lenet_dfr_N50_seed4,lenet,dfr,50,0.999,4,0.9793000221252441,0.7203888893127441,0.2689666748046875,0.374099999666214,0.1472868174314499,0.0018482357263565063,0.0018482357263565063,False,source=autodl_rtx4090_cuda12_4
lenet_dfr_N500_seed0,lenet,dfr,500,0.99,0,0.9933000206947327,0.9311222434043884,0.0652666687965393,0.8230999708175659,0.7207392454147339,0.009492555260658264,0.009492555260658264,True,source=autodl_rtx4090_cuda12_4
lenet_dfr_N500_seed1,lenet,dfr,500,0.99,1,0.9932000041007996,0.9368888735771179,0.05861110985279083,0.8439000248908997,0.7892376780509949,0.010316321502129237,0.010316321502129237,True,source=autodl_rtx4090_cuda12_4
lenet_dfr_N500_seed2,lenet,dfr,500,0.99,2,0.9936000108718872,0.9412000179290771,0.054222222417593,0.8446000218391418,0.8025291562080383,0.02025990734497706,0.02025990734497706,True,source=autodl_rtx4090_cuda12_4
lenet_dfr_N500_seed3,lenet,dfr,500,0.99,3,0.9921000003814697,0.9415444731712341,0.05228888988494873,0.86080002784729,0.8275154232978821,0.010551015784343084,0.010551015784343084,True,source=autodl_rtx4090_cuda12_4
lenet_dfr_N500_seed4,lenet,dfr,500,0.99,4,0.9922000169754028,0.932544469833374,0.062388889491558075,0.8317999839782715,0.7957198619842529,0.007907576362291972,0.007907576362291972,True,source=autodl_rtx4090_cuda12_4
lenet_dfr_N5000_seed0,lenet,dfr,5000,0.9,0,0.9933000206947327,0.9741888642311096,0.021122222766280174,0.9395999908447266,0.9158415794372559,0.13937582746148108,0.13937582746148108,True,source=autodl_rtx4090_cuda12_4
lenet_dfr_N5000_seed1,lenet,dfr,5000,0.9,1,0.9937000274658203,0.9792555570602417,0.015744443982839584,0.95660001039505,0.9466118812561035,0.17795576378703118,0.17795576378703118,True,source=autodl_rtx4090_cuda12_4
lenet_dfr_N5000_seed2,lenet,dfr,5000,0.9,2,0.9950000047683716,0.979366660118103,0.01684444397687912,0.9538000226020813,0.9197224974632263,0.1675536538163821,0.1675536538163821,True,source=autodl_rtx4090_cuda12_4
lenet_dfr_N5000_seed3,lenet,dfr,5000,0.9,3,0.9951000213623047,0.9783666729927063,0.01778888888657093,0.9506000280380249,0.9353182911872864,0.15814625099301338,0.15814625099301338,True,source=autodl_rtx4090_cuda12_4
lenet_dfr_N5000_seed4,lenet,dfr,5000,0.9,4,0.9941999912261963,0.9775111079216003,0.01805555634200573,0.9502000212669373,0.9256689548492432,0.1623842716217041,0.1623842716217041,True,source=autodl_rtx4090_cuda12_4
lenet_erm_N0_seed0,lenet,erm,0,1.0,0,1.0,0.0953555554151535,0.9046444296836853,0.0,0.0,1.7527052087088426,1.7527052087088426,False,source=autodl_rtx4090_cuda12_4
lenet_erm_N0_seed1,lenet,erm,0,1.0,1,0.9998999834060669,0.060955554246902466,0.9390333294868469,0.0,0.0,1.4979069486260415,1.4979069486260415,False,source=autodl_rtx4090_cuda12_4
lenet_erm_N0_seed2,lenet,erm,0,1.0,2,1.0,0.048011112958192825,0.9519888758659363,0.0,0.0,1.8198386823137602,1.8198386823137602,False,source=autodl_rtx4090_cuda12_4
lenet_erm_N0_seed3,lenet,erm,0,1.0,3,1.0,0.08444444090127945,0.9155555367469788,0.0,0.0,1.4370401206115881,1.4370401206115881,False,source=autodl_rtx4090_cuda12_4
lenet_erm_N0_seed4,lenet,erm,0,1.0,4,0.9998000264167786,0.0665111094713211,0.9334555268287659,0.0,0.0,1.5866101659834384,1.5866101659834384,False,source=autodl_rtx4090_cuda12_4
lenet_erm_N100_seed0,lenet,erm,100,0.998,0,0.9986000061035156,0.5184333324432373,0.4811444580554962,0.0940999984741211,0.0,1.9059693415959675,1.9059693415959675,False,source=autodl_rtx4090_cuda12_4
lenet_erm_N100_seed1,lenet,erm,100,0.998,1,0.9994000196456909,0.5522666573524475,0.4475555419921875,0.13529999554157257,0.013875124044716358,1.6564868571857612,1.6564868571857612,False,source=autodl_rtx4090_cuda12_4
lenet_erm_N100_seed2,lenet,erm,100,0.998,2,0.9995999932289124,0.564477801322937,0.43540000915527344,0.15520000457763672,0.0,1.689659081896146,1.689659081896146,False,source=autodl_rtx4090_cuda12_4
lenet_erm_N100_seed3,lenet,erm,100,0.998,3,0.9994999766349792,0.5526000261306763,0.4473111033439636,0.13349999487400055,0.0,1.5456820319096247,1.5456820319096247,False,source=autodl_rtx4090_cuda12_4
lenet_erm_N100_seed4,lenet,erm,100,0.998,4,0.9947999715805054,0.637677788734436,0.3617999851703644,0.2176000028848648,0.0,1.1788180934886137,1.1788180934886137,False,source=autodl_rtx4090_cuda12_4
lenet_erm_N1000_seed0,lenet,erm,1000,0.98,0,0.9976999759674072,0.8993555307388306,0.09938888996839523,0.7167999744415283,0.5622568130493164,1.8999128339191278,1.8999128339191278,True,source=autodl_rtx4090_cuda12_4
lenet_erm_N1000_seed1,lenet,erm,1000,0.98,1,0.9976000189781189,0.8921555280685425,0.10624444484710693,0.6830000281333923,0.592402458190918,1.8371441905697188,1.8371441905697188,False,source=autodl_rtx4090_cuda12_4
lenet_erm_N1000_seed2,lenet,erm,1000,0.98,2,0.9976000189781189,0.9142000079154968,0.0844888910651207,0.7541000247001648,0.6056201457977295,1.6147659932573637,1.6147659932573637,True,source=autodl_rtx4090_cuda12_4
lenet_erm_N1000_seed3,lenet,erm,1000,0.98,3,0.9979000091552734,0.9066888689994812,0.09207777678966522,0.7387999892234802,0.5513566136360168,1.573906490455071,1.573906490455071,True,source=autodl_rtx4090_cuda12_4
lenet_erm_N1000_seed4,lenet,erm,1000,0.98,4,0.9972000122070312,0.8875444531440735,0.11113333702087402,0.6590999960899353,0.42915812134742737,1.8356684265037377,1.8356684265037377,False,source=autodl_rtx4090_cuda12_4
lenet_erm_N250_seed0,lenet,erm,250,0.995,0,0.9980999827384949,0.7453333139419556,0.253944456577301,0.3946000039577484,0.017839444801211357,1.533094519128402,1.533094519128402,False,source=autodl_rtx4090_cuda12_4
lenet_erm_N250_seed1,lenet,erm,250,0.995,1,0.9977999925613403,0.7510111331939697,0.24784444272518158,0.37860000133514404,0.06057494878768921,1.5178850298126538,1.5178850298126538,False,source=autodl_rtx4090_cuda12_4
lenet_erm_N250_seed2,lenet,erm,250,0.995,2,0.9988999962806702,0.7454000115394592,0.2542888820171356,0.3937999904155731,0.1666666716337204,1.6837410867214202,1.6837410867214202,False,source=autodl_rtx4090_cuda12_4
lenet_erm_N250_seed3,lenet,erm,250,0.995,3,0.9991000294685364,0.7339110970497131,0.26582223176956177,0.30709999799728394,0.014866204001009464,0.8348618482549985,0.8348618482549985,False,source=autodl_rtx4090_cuda12_4
lenet_erm_N250_seed4,lenet,erm,250,0.995,4,0.9979000091552734,0.7585333585739136,0.24089999496936798,0.36570000648498535,0.047571852803230286,1.2457232105235259,1.2457232105235259,False,source=autodl_rtx4090_cuda12_4
lenet_erm_N2500_seed0,lenet,erm,2500,0.95,0,0.9965999722480774,0.9381666779518127,0.05973333492875099,0.83160001039505,0.7365471124649048,1.9479803341130415,1.9479803341130415,True,source=autodl_rtx4090_cuda12_4
lenet_erm_N2500_seed1,lenet,erm,2500,0.95,1,0.995199978351593,0.9429888725280762,0.05428889021277428,0.836899995803833,0.6257425546646118,1.4128347483774026,1.4128347483774026,True,source=autodl_rtx4090_cuda12_4
lenet_erm_N2500_seed2,lenet,erm,2500,0.95,2,0.9955999851226807,0.940155565738678,0.05719999969005585,0.833899974822998,0.7362525463104248,1.7165500434736412,1.7165500434736412,True,source=autodl_rtx4090_cuda12_4
lenet_erm_N2500_seed3,lenet,erm,2500,0.95,3,0.9973999857902527,0.9470221996307373,0.05151111260056496,0.8539000153541565,0.768410861492157,1.195694703857104,1.195694703857104,True,source=autodl_rtx4090_cuda12_4
lenet_erm_N2500_seed4,lenet,erm,2500,0.95,4,0.9950000047683716,0.9234333038330078,0.0734444409608841,0.7706999778747559,0.596630334854126,1.4177706060310205,1.4177706060310205,True,source=autodl_rtx4090_cuda12_4
lenet_erm_N50_seed0,lenet,erm,50,0.999,0,0.9991999864578247,0.43682223558425903,0.5629444718360901,0.049800001084804535,0.0,1.805847575267156,1.805847575267156,False,source=autodl_rtx4090_cuda12_4
lenet_erm_N50_seed1,lenet,erm,50,0.999,1,0.9991000294685364,0.33935555815696716,0.6604666709899902,0.01640000008046627,0.0,1.7187095945080122,1.7187095945080122,False,source=autodl_rtx4090_cuda12_4
lenet_erm_N50_seed2,lenet,erm,50,0.999,2,0.9994000196456909,0.3672333359718323,0.6327221989631653,0.006099999882280827,0.0,1.2551053747534753,1.2551053747534753,False,source=autodl_rtx4090_cuda12_4
lenet_erm_N50_seed3,lenet,erm,50,0.999,3,0.9993000030517578,0.3728666603565216,0.6269999742507935,0.010599999688565731,0.0,1.2231580207745234,1.2231580207745234,False,source=autodl_rtx4090_cuda12_4
lenet_erm_N50_seed4,lenet,erm,50,0.999,4,0.9980000257492065,0.4259333312511444,0.5737666487693787,0.03669999912381172,0.0,1.6611175494889419,1.6611175494889419,False,source=autodl_rtx4090_cuda12_4
lenet_erm_N500_seed0,lenet,erm,500,0.99,0,0.9987000226974487,0.8347333073616028,0.16481110453605652,0.5295000076293945,0.4291377663612366,1.35478978206714,1.35478978206714,False,source=autodl_rtx4090_cuda12_4
lenet_erm_N500_seed1,lenet,erm,500,0.99,1,0.9973999857902527,0.8226777911186218,0.17595554888248444,0.5156999826431274,0.27155598998069763,1.6916881630818048,1.6916881630818048,False,source=autodl_rtx4090_cuda12_4
lenet_erm_N500_seed2,lenet,erm,500,0.99,2,0.998199999332428,0.7965777516365051,0.2027111053466797,0.46549999713897705,0.1550387591123581,1.896512613693873,1.896512613693873,False,source=autodl_rtx4090_cuda12_4
lenet_erm_N500_seed3,lenet,erm,500,0.99,3,0.9986000061035156,0.8449666500091553,0.15424443781375885,0.5713000297546387,0.28197672963142395,1.983108143011729,1.983108143011729,False,source=autodl_rtx4090_cuda12_4
lenet_erm_N500_seed4,lenet,erm,500,0.99,4,0.9976000189781189,0.8747777938842773,0.12421111017465591,0.6316999793052673,0.14271555840969086,1.7024324707686902,1.7024324707686902,False,source=autodl_rtx4090_cuda12_4
lenet_erm_N5000_seed0,lenet,erm,5000,0.9,0,0.9948999881744385,0.9615111351013184,0.03522222116589546,0.906000018119812,0.8449692130088806,1.5866995498538017,1.5866995498538017,True,source=autodl_rtx4090_cuda12_4
lenet_erm_N5000_seed1,lenet,erm,5000,0.9,1,0.9944000244140625,0.9616777896881104,0.034122221171855927,0.9078999757766724,0.7906976938247681,1.3845052746435007,1.3845052746435007,True,source=autodl_rtx4090_cuda12_4
lenet_erm_N5000_seed2,lenet,erm,5000,0.9,2,0.9954000115394592,0.9680222272872925,0.028777778148651123,0.9200000166893005,0.8706225752830505,1.2332253227631251,1.2332253227631251,True,source=autodl_rtx4090_cuda12_4
lenet_erm_N5000_seed3,lenet,erm,5000,0.9,3,0.9961000084877014,0.967544436454773,0.029866667464375496,0.9182000160217285,0.826488733291626,0.8931060979763666,0.8931060979763666,True,source=autodl_rtx4090_cuda12_4
lenet_erm_N5000_seed4,lenet,erm,5000,0.9,4,0.993399977684021,0.958466649055481,0.03700000047683716,0.8937000036239624,0.7532210350036621,0.749499773234129,0.749499773234129,True,source=autodl_rtx4090_cuda12_4
lenet_groupdro_N0_seed0,lenet,groupdro,0,1.0,0,1.0,0.10143333673477173,0.8985666632652283,0.0,0.0,1.7899359218776225,1.7899359218776225,False,source=autodl_rtx4090_cuda12_4
lenet_groupdro_N0_seed1,lenet,groupdro,0,1.0,1,0.9998000264167786,0.05586666613817215,0.9441111087799072,0.0,0.0,1.3782070140043894,1.3782070140043894,False,source=autodl_rtx4090_cuda12_4
lenet_groupdro_N0_seed2,lenet,groupdro,0,1.0,2,1.0,0.04063333198428154,0.9593666791915894,0.0,0.0,1.4696649347742399,1.4696649347742399,False,source=autodl_rtx4090_cuda12_4
lenet_groupdro_N0_seed3,lenet,groupdro,0,1.0,3,1.0,0.08245555311441422,0.917544424533844,0.0,0.0,2.0631397942701977,2.0631397942701977,False,source=autodl_rtx4090_cuda12_4
lenet_groupdro_N0_seed4,lenet,groupdro,0,1.0,4,0.9998000264167786,0.05778888985514641,0.9421777725219727,0.0,0.0,1.7139247563978037,1.7139247563978037,False,source=autodl_rtx4090_cuda12_4
lenet_groupdro_N100_seed0,lenet,groupdro,100,0.998,0,0.9979000091552734,0.7295110821723938,0.26954445242881775,0.31470000743865967,0.06879845261573792,2.0371598397692043,2.0371598397692043,False,source=autodl_rtx4090_cuda12_4
lenet_groupdro_N100_seed1,lenet,groupdro,100,0.998,1,0.9976000189781189,0.7641666531562805,0.23499999940395355,0.4311000108718872,0.1119096502661705,2.2461626378198463,2.2461626378198463,False,source=autodl_rtx4090_cuda12_4
lenet_groupdro_N100_seed2,lenet,groupdro,100,0.998,2,0.9958000183105469,0.7860666513442993,0.21168889105319977,0.49810001254081726,0.018480492755770683,1.8477256407340368,1.8477256407340368,False,source=autodl_rtx4090_cuda12_4
lenet_groupdro_N100_seed3,lenet,groupdro,100,0.998,3,0.9980000257492065,0.6835444569587708,0.31601110100746155,0.2752000093460083,0.0664023756980896,1.7807416861255965,1.7807416861255965,False,source=autodl_rtx4090_cuda12_4
lenet_groupdro_N100_seed4,lenet,groupdro,100,0.998,4,0.9940000176429749,0.7718444466590881,0.22517777979373932,0.42239999771118164,0.05153617262840271,1.7779891503353913,1.7779891503353913,False,source=autodl_rtx4090_cuda12_4
lenet_groupdro_N1000_seed0,lenet,groupdro,1000,0.98,0,0.9947999715805054,0.947433352470398,0.0501222237944603,0.864300012588501,0.8057482838630676,1.7535840399563312,1.7535840399563312,True,source=autodl_rtx4090_cuda12_4
lenet_groupdro_N1000_seed1,lenet,groupdro,1000,0.98,1,0.995199978351593,0.9549111127853394,0.041822221130132675,0.8845000267028809,0.8334985375404358,1.8935283881922562,1.8935283881922562,True,source=autodl_rtx4090_cuda12_4
lenet_groupdro_N1000_seed2,lenet,groupdro,1000,0.98,2,0.9958999752998352,0.956766664981842,0.040422223508358,0.8838000297546387,0.8206144571304321,2.0258890335758526,2.0258890335758526,True,source=autodl_rtx4090_cuda12_4
lenet_groupdro_N1000_seed3,lenet,groupdro,1000,0.98,3,0.9930999875068665,0.9339110851287842,0.0617000013589859,0.8374000191688538,0.5410677790641785,2.266471796979507,2.266471796979507,True,source=autodl_rtx4090_cuda12_4
lenet_groupdro_N1000_seed4,lenet,groupdro,1000,0.98,4,0.9934999942779541,0.9516777992248535,0.04458888992667198,0.8773999810218811,0.803766131401062,1.3402463259796302,1.3402463259796302,True,source=autodl_rtx4090_cuda12_4
lenet_groupdro_N250_seed0,lenet,groupdro,250,0.995,0,0.9941999912261963,0.8784888982772827,0.1177888885140419,0.6962000131607056,0.47022587060928345,1.88316540569067,1.88316540569067,False,source=autodl_rtx4090_cuda12_4
lenet_groupdro_N250_seed1,lenet,groupdro,250,0.995,1,0.9958999752998352,0.8790000081062317,0.11868888884782791,0.6830999851226807,0.5123318433761597,2.078462604433298,2.078462604433298,False,source=autodl_rtx4090_cuda12_4
lenet_groupdro_N250_seed2,lenet,groupdro,250,0.995,2,0.991599977016449,0.9168000221252441,0.079055555164814,0.7940000295639038,0.6940451860427856,1.8231603356699149,1.8231603356699149,True,source=autodl_rtx4090_cuda12_4
lenet_groupdro_N250_seed3,lenet,groupdro,250,0.995,3,0.9943000078201294,0.9189000129699707,0.07791110873222351,0.7781999707221985,0.7264618277549744,2.185007511576017,2.185007511576017,True,source=autodl_rtx4090_cuda12_4
lenet_groupdro_N250_seed4,lenet,groupdro,250,0.995,4,0.9955000281333923,0.8676333427429199,0.13014444708824158,0.6711999773979187,0.4667988121509552,1.9835275130967298,1.9835275130967298,False,source=autodl_rtx4090_cuda12_4
lenet_groupdro_N2500_seed0,lenet,groupdro,2500,0.95,0,0.9921000003814697,0.9752222299575806,0.01886666752398014,0.9505000114440918,0.932170569896698,1.8685769009093443,1.8685769009093443,True,source=autodl_rtx4090_cuda12_4
lenet_groupdro_N2500_seed1,lenet,groupdro,2500,0.95,1,0.9936000108718872,0.9724222421646118,0.023144444450736046,0.9369999766349792,0.9132652878761292,2.3046327446897825,2.3046327446897825,True,source=autodl_rtx4090_cuda12_4
lenet_groupdro_N2500_seed2,lenet,groupdro,2500,0.95,2,0.9941999912261963,0.9764444231987,0.01873333379626274,0.9466000199317932,0.8979187607765198,1.745010669529438,1.745010669529438,True,source=autodl_rtx4090_cuda12_4
lenet_groupdro_N2500_seed3,lenet,groupdro,2500,0.95,3,0.9925000071525574,0.9753666520118713,0.01894444413483143,0.9490000009536743,0.9089147448539734,2.071822269509236,2.071822269509236,True,source=autodl_rtx4090_cuda12_4
lenet_groupdro_N2500_seed4,lenet,groupdro,2500,0.95,4,0.9927999973297119,0.9763777852058411,0.01876666583120823,0.9477999806404114,0.9028741121292114,1.1273206926882267,1.1273206926882267,True,source=autodl_rtx4090_cuda12_4
lenet_groupdro_N50_seed0,lenet,groupdro,50,0.999,0,0.9983999729156494,0.5409111380577087,0.45865556597709656,0.13109999895095825,0.0,2.0157804811994233,2.0157804811994233,False,source=autodl_rtx4090_cuda12_4
lenet_groupdro_N50_seed1,lenet,groupdro,50,0.999,1,0.9987000226974487,0.5665666460990906,0.43317776918411255,0.16279999911785126,0.0,1.7568767848114173,1.7568767848114173,False,source=autodl_rtx4090_cuda12_4
lenet_groupdro_N50_seed2,lenet,groupdro,50,0.999,2,0.9993000030517578,0.546155571937561,0.4537111222743988,0.065700002014637,0.01224489789456129,2.038503022491932,2.038503022491932,False,source=autodl_rtx4090_cuda12_4
lenet_groupdro_N50_seed3,lenet,groupdro,50,0.999,3,0.9976000189781189,0.5680888891220093,0.43147778511047363,0.15549999475479126,0.0009910803055390716,1.986538828164339,1.986538828164339,False,source=autodl_rtx4090_cuda12_4
lenet_groupdro_N50_seed4,lenet,groupdro,50,0.999,4,0.998199999332428,0.6115999817848206,0.387800008058548,0.17219999432563782,0.01982160471379757,1.974382897466421,1.974382897466421,False,source=autodl_rtx4090_cuda12_4
lenet_groupdro_N500_seed0,lenet,groupdro,500,0.99,0,0.9944999814033508,0.9257000088691711,0.07177777588367462,0.798799991607666,0.732408344745636,2.059783947467804,2.059783947467804,True,source=autodl_rtx4090_cuda12_4
lenet_groupdro_N500_seed1,lenet,groupdro,500,0.99,1,0.9965999722480774,0.9072777628898621,0.09084444493055344,0.7412999868392944,0.6666666865348816,1.7746008840699992,1.7746008840699992,True,source=autodl_rtx4090_cuda12_4
lenet_groupdro_N500_seed2,lenet,groupdro,500,0.99,2,0.9962999820709229,0.9326666593551636,0.06538888812065125,0.8206999897956848,0.6214073300361633,1.3891546746095023,1.3891546746095023,True,source=autodl_rtx4090_cuda12_4
lenet_groupdro_N500_seed3,lenet,groupdro,500,0.99,3,0.9939000010490417,0.9177555441856384,0.07876666635274887,0.7857999801635742,0.5564681887626648,2.0101652731498083,2.0101652731498083,True,source=autodl_rtx4090_cuda12_4
lenet_groupdro_N500_seed4,lenet,groupdro,500,0.99,4,0.9941999912261963,0.9213888645172119,0.07526666671037674,0.7914000153541565,0.3845391571521759,1.7138177153964838,1.7138177153964838,True,source=autodl_rtx4090_cuda12_4
lenet_groupdro_N5000_seed0,lenet,groupdro,5000,0.9,0,0.9805999994277954,0.9619110822677612,0.021755555644631386,0.9369000196456909,0.8152400851249695,1.5625141255557538,1.5625141255557538,True,source=autodl_rtx4090_cuda12_4
lenet_groupdro_N5000_seed1,lenet,groupdro,5000,0.9,1,0.991599977016449,0.9821444153785706,0.011611111462116241,0.96670001745224,0.9551934599876404,2.0868780774374804,2.0868780774374804,True,source=autodl_rtx4090_cuda12_4
lenet_groupdro_N5000_seed2,lenet,groupdro,5000,0.9,2,0.9932000041007996,0.9850444197654724,0.009211110882461071,0.9735000133514404,0.9428251385688782,1.9445530546208223,1.9445530546208223,True,source=autodl_rtx4090_cuda12_4
lenet_groupdro_N5000_seed3,lenet,groupdro,5000,0.9,3,0.9890999794006348,0.9771444201469421,0.014544444158673286,0.9580000042915344,0.882956862449646,2.1382831354935963,2.1382831354935963,True,source=autodl_rtx4090_cuda12_4
lenet_groupdro_N5000_seed4,lenet,groupdro,5000,0.9,4,0.9854000210762024,0.9725221991539001,0.015599999576807022,0.954200029373169,0.9078295230865479,2.3239645009239513,2.3239645009239513,True,source=autodl_rtx4090_cuda12_4
resnet18_mnist_dfr_N100_seed0,resnet18_mnist,dfr,100,0.998,0,0.9998000264167786,0.5386999845504761,0.46122223138809204,0.06459999829530716,0.0011210762895643711,0.004672102133433024,0.004672102133433024,False,source=autodl_rtx4090_cuda12_4
resnet18_mnist_dfr_N100_seed1,resnet18_mnist,dfr,100,0.998,1,0.9980999827384949,0.4858555495738983,0.5136222243309021,0.013899999670684338,0.01287128683179617,0.006400474409262339,0.006400474409262339,False,source=autodl_rtx4090_cuda12_4
resnet18_mnist_dfr_N100_seed2,resnet18_mnist,dfr,100,0.998,2,0.9968000054359436,0.5251888632774353,0.4744444489479065,0.06639999896287918,0.0010266940807923675,0.0038355149328708647,0.0038355149328708647,False,source=autodl_rtx4090_cuda12_4
resnet18_mnist_dfr_N100_seed3,resnet18_mnist,dfr,100,0.998,3,0.9984999895095825,0.5958777666091919,0.40368887782096863,0.10939999669790268,0.07623318582773209,0.004293209811051687,0.004293209811051687,False,source=autodl_rtx4090_cuda12_4
resnet18_mnist_dfr_N100_seed4,resnet18_mnist,dfr,100,0.998,4,1.0,0.49301111698150635,0.5069888830184937,0.07339999824762344,0.0011210762895643711,0.004418229063351949,0.004418229063351949,False,source=autodl_rtx4090_cuda12_4
resnet18_mnist_dfr_N1000_seed0,resnet18_mnist,dfr,1000,0.98,0,0.9987999796867371,0.9325555562973022,0.06669999659061432,0.7692999839782715,0.7533632516860962,0.02970308909813563,0.02970308909813563,True,source=autodl_rtx4090_cuda12_4
resnet18_mnist_dfr_N1000_seed1,resnet18_mnist,dfr,1000,0.98,1,0.9983999729156494,0.9356777667999268,0.06328888982534409,0.7839000225067139,0.7625969052314758,0.034656356026728945,0.034656356026728945,True,source=autodl_rtx4090_cuda12_4
resnet18_mnist_dfr_N1000_seed2,resnet18_mnist,dfr,1000,0.98,2,0.9990000128746033,0.9360666871070862,0.06325555592775345,0.7767999768257141,0.7670961618423462,0.038647913932800294,0.038647913932800294,True,source=autodl_rtx4090_cuda12_4
resnet18_mnist_dfr_N1000_seed3,resnet18_mnist,dfr,1000,0.98,3,0.9991999864578247,0.9395444393157959,0.06004444509744644,0.7836999893188477,0.8228699564933777,0.03619854226708412,0.03619854226708412,True,source=autodl_rtx4090_cuda12_4
resnet18_mnist_dfr_N1000_seed4,resnet18_mnist,dfr,1000,0.98,4,0.9988999962806702,0.9235222339630127,0.075855553150177,0.7091000080108643,0.5104063153266907,0.03481329083442688,0.03481329083442688,True,source=autodl_rtx4090_cuda12_4
resnet18_mnist_dfr_N250_seed0,resnet18_mnist,dfr,250,0.995,0,0.9991000294685364,0.7480555772781372,0.25154444575309753,0.3334999978542328,0.07333993911743164,0.008902624249458313,0.008902624249458313,False,source=autodl_rtx4090_cuda12_4
resnet18_mnist_dfr_N250_seed1,resnet18_mnist,dfr,250,0.995,1,0.9987999796867371,0.7742555737495422,0.22537778317928314,0.3028999865055084,0.2122448980808258,0.009439230461915334,0.009439230461915334,False,source=autodl_rtx4090_cuda12_4
resnet18_mnist_dfr_N250_seed2,resnet18_mnist,dfr,250,0.995,2,0.9998000264167786,0.7469666600227356,0.2529222369194031,0.26669999957084656,0.19476744532585144,0.00830703576405843,0.00830703576405843,False,source=autodl_rtx4090_cuda12_4
resnet18_mnist_dfr_N250_seed3,resnet18_mnist,dfr,250,0.995,3,1.0,0.7487666606903076,0.2512333393096924,0.2888000011444092,0.15460851788520813,0.009369927644729614,0.009369927644729614,False,source=autodl_rtx4090_cuda12_4
resnet18_mnist_dfr_N250_seed4,resnet18_mnist,dfr,250,0.995,4,0.9994999766349792,0.7658110857009888,0.23399999737739563,0.33649998903274536,0.1000991091132164,0.00948562721411387,0.00948562721411387,False,source=autodl_rtx4090_cuda12_4
resnet18_mnist_dfr_N2500_seed0,resnet18_mnist,dfr,2500,0.95,0,0.9977999925613403,0.9659666419029236,0.032511111348867416,0.89410001039505,0.8929633498191833,0.08661116535464923,0.08661116535464923,True,source=autodl_rtx4090_cuda12_4
resnet18_mnist_dfr_N2500_seed1,resnet18_mnist,dfr,2500,0.95,1,0.9984999895095825,0.9698666930198669,0.029100000858306885,0.9013000130653381,0.8919722437858582,0.05252778554956118,0.05252778554956118,True,source=autodl_rtx4090_cuda12_4
resnet18_mnist_dfr_N2500_seed2,resnet18_mnist,dfr,2500,0.95,2,0.9988999962806702,0.9673666954040527,0.03186666592955589,0.8912000060081482,0.8531827330589294,0.08678241843978564,0.08678241843978564,True,source=autodl_rtx4090_cuda12_4
resnet18_mnist_dfr_N2500_seed3,resnet18_mnist,dfr,2500,0.95,3,0.9991999864578247,0.9735777974128723,0.025866666808724403,0.9187999963760376,0.9215885996818542,0.0773509514828523,0.0773509514828523,True,source=autodl_rtx4090_cuda12_4
resnet18_mnist_dfr_N2500_seed4,resnet18_mnist,dfr,2500,0.95,4,0.9990000128746033,0.967644453048706,0.03148888796567917,0.8873999714851379,0.8482688665390015,0.06912139554818471,0.06912139554818471,True,source=autodl_rtx4090_cuda12_4
resnet18_mnist_dfr_N50_seed0,resnet18_mnist,dfr,50,0.999,0,0.9940000176429749,0.3860666751861572,0.6130111217498779,0.008500000461935997,0.0,0.0037251224120457968,0.0037251224120457968,False,source=autodl_rtx4090_cuda12_4
resnet18_mnist_dfr_N50_seed1,resnet18_mnist,dfr,50,0.999,1,0.9976000189781189,0.3051777780056,0.6945888996124268,0.009200000204145908,0.0,0.0036602822442849477,0.0036602822442849477,False,source=autodl_rtx4090_cuda12_4
resnet18_mnist_dfr_N50_seed2,resnet18_mnist,dfr,50,0.999,2,0.9990000128746033,0.28822222352027893,0.7115777730941772,0.0,0.0,0.0030797275404135386,0.0030797275404135386,False,source=autodl_rtx4090_cuda12_4
resnet18_mnist_dfr_N50_seed3,resnet18_mnist,dfr,50,0.999,3,0.9993000030517578,0.32481110095977783,0.6749222278594971,0.039400000125169754,0.0,0.0028620290259520212,0.0028620290259520212,False,source=autodl_rtx4090_cuda12_4
resnet18_mnist_dfr_N50_seed4,resnet18_mnist,dfr,50,0.999,4,0.9995999932289124,0.2702000141143799,0.7296888828277588,0.006300000008195639,0.0,0.00328207736214002,0.00328207736214002,False,source=autodl_rtx4090_cuda12_4
resnet18_mnist_dfr_N500_seed0,resnet18_mnist,dfr,500,0.99,0,0.9983999729156494,0.8937000036239624,0.10559999942779541,0.6182000041007996,0.47197309136390686,0.009548203398784002,0.009548203398784002,False,source=autodl_rtx4090_cuda12_4
resnet18_mnist_dfr_N500_seed1,resnet18_mnist,dfr,500,0.99,1,0.9987000226974487,0.8688666820526123,0.1306888908147812,0.5339999794960022,0.39841428399086,0.008140365282694498,0.008140365282694498,False,source=autodl_rtx4090_cuda12_4
resnet18_mnist_dfr_N500_seed2,resnet18_mnist,dfr,500,0.99,2,0.9997000098228455,0.8996222019195557,0.1001555547118187,0.6460999846458435,0.5702647566795349,0.011455067743857702,0.011455067743857702,False,source=autodl_rtx4090_cuda12_4
resnet18_mnist_dfr_N500_seed3,resnet18_mnist,dfr,500,0.99,3,0.9987999796867371,0.9062444567680359,0.09287777543067932,0.6855999827384949,0.7114989757537842,0.008518895506858826,0.008518895506858826,True,source=autodl_rtx4090_cuda12_4
resnet18_mnist_dfr_N500_seed4,resnet18_mnist,dfr,500,0.99,4,0.9994000196456909,0.8959333300590515,0.10362222045660019,0.6158000230789185,0.35381564497947693,0.008393941819667817,0.008393941819667817,False,source=autodl_rtx4090_cuda12_4
resnet18_mnist_dfr_N5000_seed0,resnet18_mnist,dfr,5000,0.9,0,0.9980000257492065,0.9804888963699341,0.018044443801045418,0.9442999958992004,0.9178645014762878,0.10318349475661913,0.10318349475661913,True,source=autodl_rtx4090_cuda12_4
resnet18_mnist_dfr_N5000_seed1,resnet18_mnist,dfr,5000,0.9,1,0.9958999752998352,0.9755777716636658,0.02204444445669651,0.9311000108718872,0.8963038921356201,0.10488074521223704,0.10488074521223704,True,source=autodl_rtx4090_cuda12_4
resnet18_mnist_dfr_N5000_seed2,resnet18_mnist,dfr,5000,0.9,2,0.9983999729156494,0.981166660785675,0.01734444499015808,0.9459999799728394,0.9464816451072693,0.16955749864379566,0.16955749864379566,True,source=autodl_rtx4090_cuda12_4
resnet18_mnist_dfr_N5000_seed3,resnet18_mnist,dfr,5000,0.9,3,0.9976999759674072,0.9836333394050598,0.014588888734579086,0.9556000232696533,0.9429734945297241,0.11494619846343994,0.11494619846343994,True,source=autodl_rtx4090_cuda12_4
resnet18_mnist_dfr_N5000_seed4,resnet18_mnist,dfr,5000,0.9,4,0.9980000257492065,0.9824777841567993,0.01585555635392666,0.947700023651123,0.9326732754707336,0.11189923733472824,0.11189923733472824,True,source=autodl_rtx4090_cuda12_4
resnet18_mnist_erm_N0_seed0,resnet18_mnist,erm,0,1.0,0,1.0,0.03665555641055107,0.9633444547653198,0.0,0.0,2.1743422175447145,2.1743422175447145,False,source=autodl_rtx4090_cuda12_4
resnet18_mnist_erm_N0_seed1,resnet18_mnist,erm,0,1.0,1,0.9477999806404114,0.17251111567020416,0.8197333216667175,0.0,0.0,2.052786095440388,2.052786095440388,False,source=autodl_rtx4090_cuda12_4
resnet18_mnist_erm_N0_seed2,resnet18_mnist,erm,0,1.0,2,1.0,0.004699999932199717,0.9952999949455261,0.0,0.0,2.3434811525046824,2.3434811525046824,False,source=autodl_rtx4090_cuda12_4
resnet18_mnist_erm_N0_seed3,resnet18_mnist,erm,0,1.0,3,1.0,0.024622222408652306,0.9753777980804443,0.0,0.0,2.415029096106688,2.415029096106688,False,source=autodl_rtx4090_cuda12_4
resnet18_mnist_erm_N0_seed4,resnet18_mnist,erm,0,1.0,4,1.0,0.0199444442987442,0.980055570602417,0.0,0.0,2.413606838385264,2.413606838385264,False,source=autodl_rtx4090_cuda12_4
resnet18_mnist_erm_N100_seed0,resnet18_mnist,erm,100,0.998,0,0.9998000264167786,0.4846000075340271,0.515333354473114,0.031300000846385956,0.0,2.3374696659545102,2.3374696659545102,False,source=autodl_rtx4090_cuda12_4
resnet18_mnist_erm_N100_seed1,resnet18_mnist,erm,100,0.998,1,0.9997000098228455,0.23463332653045654,0.7653444409370422,9.999999747378752e-05,0.0,2.2966428893307844,2.2966428893307844,False,source=autodl_rtx4090_cuda12_4
resnet18_mnist_erm_N100_seed2,resnet18_mnist,erm,100,0.998,2,0.8934999704360962,0.4018111228942871,0.6346222162246704,0.0017000000225380063,0.0,2.3370723774035773,2.3370723774035773,False,source=autodl_rtx4090_cuda12_4
resnet18_mnist_erm_N100_seed3,resnet18_mnist,erm,100,0.998,3,0.9977999925613403,0.5331888794898987,0.4662444591522217,0.10750000178813934,0.004955401178449392,2.399665467441082,2.399665467441082,False,source=autodl_rtx4090_cuda12_4
resnet18_mnist_erm_N100_seed4,resnet18_mnist,erm,100,0.998,4,0.9998999834060669,0.4797222316265106,0.5202555656433105,0.07680000364780426,0.0,2.1456596543391546,2.1456596543391546,False,source=autodl_rtx4090_cuda12_4
resnet18_mnist_erm_N1000_seed0,resnet18_mnist,erm,1000,0.98,0,0.9988999962806702,0.9227666854858398,0.07658889144659042,0.7328000068664551,0.7669404745101929,2.301570402085781,2.301570402085781,True,source=autodl_rtx4090_cuda12_4
resnet18_mnist_erm_N1000_seed1,resnet18_mnist,erm,1000,0.98,1,0.996999979019165,0.9039333462715149,0.0940999984741211,0.6873000264167786,0.07928641885519028,2.211160111427307,2.211160111427307,True,source=autodl_rtx4090_cuda12_4
resnet18_mnist_erm_N1000_seed2,resnet18_mnist,erm,1000,0.98,2,0.9948999881744385,0.8808555603027344,0.11837777495384216,0.5873000025749207,0.28475335240364075,2.4663907455901306,2.4663907455901306,False,source=autodl_rtx4090_cuda12_4
resnet18_mnist_erm_N1000_seed3,resnet18_mnist,erm,1000,0.98,3,0.9991999864578247,0.9399999976158142,0.05972222238779068,0.7804999947547913,0.7320627570152283,2.6306720741093157,2.6306720741093157,True,source=autodl_rtx4090_cuda12_4
resnet18_mnist_erm_N1000_seed4,resnet18_mnist,erm,1000,0.98,4,0.9990000128746033,0.8790444731712341,0.12052222341299057,0.5309000015258789,0.25569871068000793,2.1886018785337606,2.1886018785337606,False,source=autodl_rtx4090_cuda12_4
resnet18_mnist_erm_N250_seed0,resnet18_mnist,erm,250,0.995,0,0.9991999864578247,0.6267444491386414,0.3730444312095642,0.09690000116825104,0.027750248089432716,2.1996151894330978,2.1996151894330978,False,source=autodl_rtx4090_cuda12_4
resnet18_mnist_erm_N250_seed1,resnet18_mnist,erm,250,0.995,1,0.9993000030517578,0.6963444352149963,0.3034110963344574,0.15109999477863312,0.0009727626456879079,2.2300148454805213,2.2300148454805213,False,source=autodl_rtx4090_cuda12_4
resnet18_mnist_erm_N250_seed2,resnet18_mnist,erm,250,0.995,2,0.9998999834060669,0.666866660118103,0.3330444395542145,0.1216999962925911,0.01731160841882229,2.186702225108941,2.186702225108941,False,source=autodl_rtx4090_cuda12_4
resnet18_mnist_erm_N250_seed3,resnet18_mnist,erm,250,0.995,3,1.0,0.7493444681167603,0.25065556168556213,0.25929999351501465,0.15956392884254456,2.144590272506078,2.144590272506078,False,source=autodl_rtx4090_cuda12_4
resnet18_mnist_erm_N250_seed4,resnet18_mnist,erm,250,0.995,4,0.9944999814033508,0.726722240447998,0.27346667647361755,0.272599995136261,0.05306122452020645,2.580209002395471,2.580209002395471,False,source=autodl_rtx4090_cuda12_4
resnet18_mnist_erm_N2500_seed0,resnet18_mnist,erm,2500,0.95,0,0.9972000122070312,0.9397666454315186,0.058633334934711456,0.8127999901771545,0.6541129946708679,1.5836730904877185,1.5836730904877185,True,source=autodl_rtx4090_cuda12_4
resnet18_mnist_erm_N2500_seed1,resnet18_mnist,erm,2500,0.95,1,0.9983000159263611,0.9641110897064209,0.034388888627290726,0.883400022983551,0.8706225752830505,2.2796942522128423,2.2796942522128423,True,source=autodl_rtx4090_cuda12_4
resnet18_mnist_erm_N2500_seed2,resnet18_mnist,erm,2500,0.95,2,0.9987999796867371,0.9543555378913879,0.04478888958692551,0.8410999774932861,0.7043120861053467,2.454020351668199,2.454020351668199,True,source=autodl_rtx4090_cuda12_4
resnet18_mnist_erm_N2500_seed3,resnet18_mnist,erm,2500,0.95,3,0.9994000196456909,0.9700999855995178,0.029411111027002335,0.9049999713897705,0.8187984228134155,2.0124239183962347,2.0124239183962347,True,source=autodl_rtx4090_cuda12_4
resnet18_mnist_erm_N2500_seed4,resnet18_mnist,erm,2500,0.95,4,0.9977999925613403,0.9372777938842773,0.062077779322862625,0.762499988079071,0.5133470296859741,2.1417673975229263,2.1417673975229263,True,source=autodl_rtx4090_cuda12_4
resnet18_mnist_erm_N50_seed0,resnet18_mnist,erm,50,0.999,0,0.9994999766349792,0.21408888697624207,0.7858444452285767,0.0008999999845400453,0.0,2.4422397345304487,2.4422397345304487,False,source=autodl_rtx4090_cuda12_4
resnet18_mnist_erm_N50_seed1,resnet18_mnist,erm,50,0.999,1,0.9998000264167786,0.17928889393806458,0.8206999897956848,0.0,0.0,2.6299190538624924,2.6299190538624924,False,source=autodl_rtx4090_cuda12_4
resnet18_mnist_erm_N50_seed2,resnet18_mnist,erm,50,0.999,2,0.9998999834060669,0.2242777794599533,0.7757111191749573,0.0,0.0,2.339366010079781,2.339366010079781,False,source=autodl_rtx4090_cuda12_4
resnet18_mnist_erm_N50_seed3,resnet18_mnist,erm,50,0.999,3,0.9991999864578247,0.22450000047683716,0.7753666639328003,0.008100000210106373,0.0,2.3097371898591517,2.3097371898591517,False,source=autodl_rtx4090_cuda12_4
resnet18_mnist_erm_N50_seed4,resnet18_mnist,erm,50,0.999,4,0.9998000264167786,0.25279998779296875,0.7471222281455994,0.0,0.0,2.3549948923289774,2.3549948923289774,False,source=autodl_rtx4090_cuda12_4
resnet18_mnist_erm_N500_seed0,resnet18_mnist,erm,500,0.99,0,0.9921000003814697,0.8228333592414856,0.1738888919353485,0.3479999899864197,0.1636771261692047,2.344238324960073,2.344238324960073,False,source=autodl_rtx4090_cuda12_4
resnet18_mnist_erm_N500_seed1,resnet18_mnist,erm,500,0.99,1,0.9988999962806702,0.8441110849380493,0.15566666424274445,0.4408000111579895,0.19524280726909637,2.2432501539587975,2.2432501539587975,False,source=autodl_rtx4090_cuda12_4
resnet18_mnist_erm_N500_seed2,resnet18_mnist,erm,500,0.99,2,0.9998999834060669,0.9048666954040527,0.09503333270549774,0.6541000008583069,0.518329918384552,2.4877042889595034,2.4877042889595034,True,source=autodl_rtx4090_cuda12_4
resnet18_mnist_erm_N500_seed3,resnet18_mnist,erm,500,0.99,3,0.9988999962806702,0.8907666802406311,0.10834444314241409,0.6304000020027161,0.4142715632915497,2.395540801684062,2.395540801684062,False,source=autodl_rtx4090_cuda12_4
resnet18_mnist_erm_N500_seed4,resnet18_mnist,erm,500,0.99,4,0.9990000128746033,0.8898666501045227,0.10970000177621841,0.59579998254776,0.4995044469833374,1.93675133412083,1.93675133412083,False,source=autodl_rtx4090_cuda12_4
resnet18_mnist_erm_N5000_seed0,resnet18_mnist,erm,5000,0.9,0,0.9973000288009644,0.9728222489356995,0.025022221729159355,0.9090999960899353,0.6788899898529053,2.4181797452270986,2.4181797452270986,True,source=autodl_rtx4090_cuda12_4
resnet18_mnist_erm_N5000_seed1,resnet18_mnist,erm,5000,0.9,1,0.9941999912261963,0.9601222276687622,0.0357000008225441,0.8928999900817871,0.6590684056282043,2.515496926754713,2.515496926754713,True,source=autodl_rtx4090_cuda12_4
resnet18_mnist_erm_N5000_seed2,resnet18_mnist,erm,5000,0.9,2,0.9980999827384949,0.9781555533409119,0.02024444378912449,0.9362000226974487,0.9276511669158936,2.5010464668273924,2.5010464668273924,True,source=autodl_rtx4090_cuda12_4
resnet18_mnist_erm_N5000_seed3,resnet18_mnist,erm,5000,0.9,3,0.9979000091552734,0.9747666716575623,0.02356666699051857,0.9275000095367432,0.7892057299613953,2.3204148441553114,2.3204148441553114,True,source=autodl_rtx4090_cuda12_4
resnet18_mnist_erm_N5000_seed4,resnet18_mnist,erm,5000,0.9,4,0.9958999752998352,0.9736444354057312,0.02329999953508377,0.9228000044822693,0.8983572721481323,2.2997975505888464,2.2997975505888464,True,source=autodl_rtx4090_cuda12_4
resnet18_mnist_groupdro_N0_seed0,resnet18_mnist,groupdro,0,1.0,0,1.0,0.03711111098527908,0.9628888964653015,0.0,0.0,2.375553646683693,2.375553646683693,False,source=autodl_rtx4090_cuda12_4
resnet18_mnist_groupdro_N0_seed1,resnet18_mnist,groupdro,0,1.0,1,1.0,0.0071222223341465,0.9928777813911438,0.0,0.0,2.5753556015590826,2.5753556015590826,False,source=autodl_rtx4090_cuda12_4
resnet18_mnist_groupdro_N0_seed2,resnet18_mnist,groupdro,0,1.0,2,1.0,0.022366667166352272,0.9776333570480347,0.0,0.0,2.4260966688394547,2.4260966688394547,False,source=autodl_rtx4090_cuda12_4
resnet18_mnist_groupdro_N0_seed3,resnet18_mnist,groupdro,0,1.0,3,1.0,0.056299999356269836,0.9437000155448914,0.0,0.0,2.7432784306506317,2.7432784306506317,False,source=autodl_rtx4090_cuda12_4
resnet18_mnist_groupdro_N0_seed4,resnet18_mnist,groupdro,0,1.0,4,1.0,0.024622222408652306,0.9753777980804443,0.0,0.0,2.5009605581561725,2.5009605581561725,False,source=autodl_rtx4090_cuda12_4
resnet18_mnist_groupdro_N100_seed0,resnet18_mnist,groupdro,100,0.998,0,0.9994000196456909,0.7666555643081665,0.23319999873638153,0.40689998865127563,0.19226957857608795,2.1849589024980864,2.1849589024980864,False,source=autodl_rtx4090_cuda12_4
resnet18_mnist_groupdro_N100_seed1,resnet18_mnist,groupdro,100,0.998,1,0.9994000196456909,0.6441666483879089,0.3555999994277954,0.1931000053882599,0.11704312264919281,2.6911172221104303,2.6911172221104303,False,source=autodl_rtx4090_cuda12_4
resnet18_mnist_groupdro_N100_seed2,resnet18_mnist,groupdro,100,0.998,2,0.9997000098228455,0.7171333432197571,0.2827777862548828,0.24940000474452972,0.10369610041379929,2.703496656566858,2.703496656566858,False,source=autodl_rtx4090_cuda12_4
resnet18_mnist_groupdro_N100_seed3,resnet18_mnist,groupdro,100,0.998,3,0.9995999932289124,0.7115888595581055,0.28814443945884705,0.30869999527931213,0.04162537306547165,2.557067365696033,2.557067365696033,False,source=autodl_rtx4090_cuda12_4
resnet18_mnist_groupdro_N100_seed4,resnet18_mnist,groupdro,100,0.998,4,1.0,0.6982555389404297,0.3017444312572479,0.25429999828338623,0.018830524757504463,2.625335345417261,2.625335345417261,False,source=autodl_rtx4090_cuda12_4
resnet18_mnist_groupdro_N1000_seed0,resnet18_mnist,groupdro,1000,0.98,0,0.9984999895095825,0.9667111039161682,0.03233333304524422,0.8955000042915344,0.8800792694091797,2.610879011452198,2.610879011452198,True,source=autodl_rtx4090_cuda12_4
resnet18_mnist_groupdro_N1000_seed1,resnet18_mnist,groupdro,1000,0.98,1,0.9980999827384949,0.9672999978065491,0.031344443559646606,0.906000018119812,0.8860257863998413,2.520471720894178,2.520471720894178,True,source=autodl_rtx4090_cuda12_4
resnet18_mnist_groupdro_N1000_seed2,resnet18_mnist,groupdro,1000,0.98,2,0.9987999796867371,0.9697889089584351,0.029422221705317497,0.902899980545044,0.8543788194656372,2.8035913397868475,2.8035913397868475,True,source=autodl_rtx4090_cuda12_4
resnet18_mnist_groupdro_N1000_seed3,resnet18_mnist,groupdro,1000,0.98,3,0.9987000226974487,0.9682888984680176,0.030722221359610558,0.9057000279426575,0.8790882229804993,2.614722337325414,2.614722337325414,True,source=autodl_rtx4090_cuda12_4
resnet18_mnist_groupdro_N1000_seed4,resnet18_mnist,groupdro,1000,0.98,4,0.9986000061035156,0.9731777906417847,0.026133334264159203,0.9132999777793884,0.8414271473884583,2.210034718364477,2.210034718364477,True,source=autodl_rtx4090_cuda12_4
resnet18_mnist_groupdro_N250_seed0,resnet18_mnist,groupdro,250,0.995,0,0.9991999864578247,0.8819444179534912,0.1177000030875206,0.6384000182151794,0.3518334925174713,2.322219783316056,2.322219783316056,False,source=autodl_rtx4090_cuda12_4
resnet18_mnist_groupdro_N250_seed1,resnet18_mnist,groupdro,250,0.995,1,0.9994000196456909,0.8663333058357239,0.13351111114025116,0.5767999887466431,0.5143706798553467,2.50210532695055,2.50210532695055,False,source=autodl_rtx4090_cuda12_4
resnet18_mnist_groupdro_N250_seed2,resnet18_mnist,groupdro,250,0.995,2,0.9994000196456909,0.9014000296592712,0.09830000251531601,0.6826000213623047,0.5104063153266907,2.135960358381271,2.135960358381271,True,source=autodl_rtx4090_cuda12_4
resnet18_mnist_groupdro_N250_seed3,resnet18_mnist,groupdro,250,0.995,3,0.9993000030517578,0.9139888882637024,0.08561111241579056,0.7059999704360962,0.6293359994888306,2.4421447098255156,2.4421447098255156,True,source=autodl_rtx4090_cuda12_4
resnet18_mnist_groupdro_N250_seed4,resnet18_mnist,groupdro,250,0.995,4,0.9994000196456909,0.8852333426475525,0.11447777599096298,0.6140000224113464,0.496531218290329,2.731102452178796,2.731102452178796,False,source=autodl_rtx4090_cuda12_4
resnet18_mnist_groupdro_N2500_seed0,resnet18_mnist,groupdro,2500,0.95,0,0.9979000091552734,0.9841222167015076,0.0141777778044343,0.9603000283241272,0.9534192085266113,2.8118845532337824,2.8118845532337824,True,source=autodl_rtx4090_cuda12_4
resnet18_mnist_groupdro_N2500_seed1,resnet18_mnist,groupdro,2500,0.95,1,0.9976000189781189,0.9828555583953857,0.015166666358709335,0.9562000036239624,0.9385530352592468,2.860279003530741,2.860279003530741,True,source=autodl_rtx4090_cuda12_4
resnet18_mnist_groupdro_N2500_seed2,resnet18_mnist,groupdro,2500,0.95,2,0.9983000159263611,0.9827444553375244,0.015877777710556984,0.9521999955177307,0.9326065182685852,2.79080996910731,2.79080996910731,True,source=autodl_rtx4090_cuda12_4
resnet18_mnist_groupdro_N2500_seed3,resnet18_mnist,groupdro,2500,0.95,3,0.9980999827384949,0.9845888614654541,0.013944444246590137,0.9595999717712402,0.9474727511405945,2.7894923366606235,2.7894923366606235,True,source=autodl_rtx4090_cuda12_4
resnet18_mnist_groupdro_N2500_seed4,resnet18_mnist,groupdro,2500,0.95,4,0.9980999827384949,0.9842444658279419,0.014366666786372662,0.9577999711036682,0.9335976243019104,2.6671631465355556,2.6671631465355556,True,source=autodl_rtx4090_cuda12_4
resnet18_mnist_groupdro_N50_seed0,resnet18_mnist,groupdro,50,0.999,0,0.9998000264167786,0.3963888883590698,0.6036111116409302,0.03009999915957451,0.0,2.6877100753287473,2.6877100753287473,False,source=autodl_rtx4090_cuda12_4
resnet18_mnist_groupdro_N50_seed1,resnet18_mnist,groupdro,50,0.999,1,0.9796000123023987,0.3890444338321686,0.60916668176651,0.07980000227689743,0.0,2.746148240566254,2.746148240566254,False,source=autodl_rtx4090_cuda12_4
resnet18_mnist_groupdro_N50_seed2,resnet18_mnist,groupdro,50,0.999,2,0.9980000257492065,0.644777774810791,0.3547222316265106,0.14249999821186066,0.009900989942252636,2.307800691823165,2.307800691823165,False,source=autodl_rtx4090_cuda12_4
resnet18_mnist_groupdro_N50_seed3,resnet18_mnist,groupdro,50,0.999,3,0.9995999932289124,0.4615444540977478,0.5384111404418945,0.0754999965429306,0.0,2.817663879444202,2.817663879444202,False,source=autodl_rtx4090_cuda12_4
resnet18_mnist_groupdro_N50_seed4,resnet18_mnist,groupdro,50,0.999,4,0.9997000098228455,0.4006555676460266,0.5991777777671814,0.006899999920278788,0.0,2.842134867111842,2.842134867111842,False,source=autodl_rtx4090_cuda12_4
resnet18_mnist_groupdro_N500_seed0,resnet18_mnist,groupdro,500,0.99,0,0.9987000226974487,0.9436666369438171,0.05577777698636055,0.822700023651123,0.7849355936050415,2.496443430582682,2.496443430582682,True,source=autodl_rtx4090_cuda12_4
resnet18_mnist_groupdro_N500_seed1,resnet18_mnist,groupdro,500,0.99,1,0.9988999962806702,0.9312777519226074,0.0681111142039299,0.7811999917030334,0.7802874445915222,2.8313751789430777,2.8313751789430777,True,source=autodl_rtx4090_cuda12_4
resnet18_mnist_groupdro_N500_seed2,resnet18_mnist,groupdro,500,0.99,2,0.9987999796867371,0.9507222175598145,0.04855555668473244,0.8294000029563904,0.7195242643356323,2.848297469566266,2.848297469566266,True,source=autodl_rtx4090_cuda12_4
resnet18_mnist_groupdro_N500_seed3,resnet18_mnist,groupdro,500,0.99,3,0.9991000294685364,0.9382444620132446,0.0611666664481163,0.8051999807357788,0.7958374619483948,2.6948198571801187,2.6948198571801187,True,source=autodl_rtx4090_cuda12_4
resnet18_mnist_groupdro_N500_seed4,resnet18_mnist,groupdro,500,0.99,4,0.9983000159263611,0.9526888728141785,0.04627777636051178,0.849399983882904,0.8168604373931885,2.679914296666781,2.679914296666781,True,source=autodl_rtx4090_cuda12_4
resnet18_mnist_groupdro_N5000_seed0,resnet18_mnist,groupdro,5000,0.9,0,0.9968000054359436,0.9879778027534485,0.009533333592116833,0.9708999991416931,0.9524281620979309,2.501507362971703,2.501507362971703,True,source=autodl_rtx4090_cuda12_4
resnet18_mnist_groupdro_N5000_seed1,resnet18_mnist,groupdro,5000,0.9,1,0.9959999918937683,0.9888111352920532,0.008144444786012173,0.9754999876022339,0.9722792506217957,2.7333863000075023,2.7333863000075023,True,source=autodl_rtx4090_cuda12_4
resnet18_mnist_groupdro_N5000_seed2,resnet18_mnist,groupdro,5000,0.9,2,0.9980000257492065,0.9890000224113464,0.009399999864399433,0.9739999771118164,0.9613034725189209,2.3220984034240244,2.3220984034240244,True,source=autodl_rtx4090_cuda12_4
resnet18_mnist_groupdro_N5000_seed3,resnet18_mnist,groupdro,5000,0.9,3,0.9979000091552734,0.989466667175293,0.008966666646301746,0.9771999716758728,0.966303288936615,2.9838270132740337,2.9838270132740337,True,source=autodl_rtx4090_cuda12_4
resnet18_mnist_groupdro_N5000_seed4,resnet18_mnist,groupdro,5000,0.9,4,0.9980000257492065,0.9889666438102722,0.009466666728258133,0.9751999974250793,0.9583746194839478,2.4989054116110005,2.4989054116110005,True,source=autodl_rtx4090_cuda12_4
