run_id,status,model,method,budget_N,seed,data_seed,train_seed,start_time,end_time,device,config_path,checkpoint_path,metrics_path,notes
lenet_dfr_N100_seed0,completed,lenet,dfr,100,0,0,0,,2026-07-12T01:43:00+02:00,cuda,outputs_final/lenet/dfr/N100/seed0/config_resolved.yaml,,outputs_final/lenet/dfr/N100/seed0/metrics.json,source=autodl_rtx4090_cuda12_4
lenet_dfr_N100_seed1,completed,lenet,dfr,100,1,1,1,,2026-07-12T01:43:07+02:00,cuda,outputs_final/lenet/dfr/N100/seed1/config_resolved.yaml,,outputs_final/lenet/dfr/N100/seed1/metrics.json,source=autodl_rtx4090_cuda12_4
lenet_dfr_N100_seed2,completed,lenet,dfr,100,2,2,2,,2026-07-12T01:43:14+02:00,cuda,outputs_final/lenet/dfr/N100/seed2/config_resolved.yaml,,outputs_final/lenet/dfr/N100/seed2/metrics.json,source=autodl_rtx4090_cuda12_4
lenet_dfr_N100_seed3,completed,lenet,dfr,100,3,3,3,,2026-07-12T01:43:20+02:00,cuda,outputs_final/lenet/dfr/N100/seed3/config_resolved.yaml,,outputs_final/lenet/dfr/N100/seed3/metrics.json,source=autodl_rtx4090_cuda12_4
lenet_dfr_N100_seed4,completed,lenet,dfr,100,4,4,4,,2026-07-12T01:43:26+02:00,cuda,outputs_final/lenet/dfr/N100/seed4/config_resolved.yaml,,outputs_final/lenet/dfr/N100/seed4/metrics.json,source=autodl_rtx4090_cuda12_4
lenet_dfr_N1000_seed0,completed,lenet,dfr,1000,0,0,0,,2026-07-12T01:44:44+02:00,cuda,outputs_final/lenet/dfr/N1000/seed0/config_resolved.yaml,,outputs_final/lenet/dfr/N1000/seed0/metrics.json,source=autodl_rtx4090_cuda12_4
lenet_dfr_N1000_seed1,completed,lenet,dfr,1000,1,1,1,,2026-07-12T01:44:51+02:00,cuda,outputs_final/lenet/dfr/N1000/seed1/config_resolved.yaml,,outputs_final/lenet/dfr/N1000/seed1/metrics.json,source=autodl_rtx4090_cuda12_4
lenet_dfr_N1000_seed2,completed,lenet,dfr,1000,2,2,2,,2026-07-12T01:44:58+02:00,cuda,outputs_final/lenet/dfr/N1000/seed2/config_resolved.yaml,,outputs_final/lenet/dfr/N1000/seed2/metrics.json,source=autodl_rtx4090_cuda12_4
lenet_dfr_N1000_seed3,completed,lenet,dfr,1000,3,3,3,,2026-07-12T01:45:06+02:00,cuda,outputs_final/lenet/dfr/N1000/seed3/config_resolved.yaml,,outputs_final/lenet/dfr/N1000/seed3/metrics.json,source=autodl_rtx4090_cuda12_4
lenet_dfr_N1000_seed4,completed,lenet,dfr,1000,4,4,4,,2026-07-12T01:45:12+02:00,cuda,outputs_final/lenet/dfr/N1000/seed4/config_resolved.yaml,,outputs_final/lenet/dfr/N1000/seed4/metrics.json,source=autodl_rtx4090_cuda12_4
lenet_dfr_N250_seed0,completed,lenet,dfr,250,0,0,0,,2026-07-12T01:43:34+02:00,cuda,outputs_final/lenet/dfr/N250/seed0/config_resolved.yaml,,outputs_final/lenet/dfr/N250/seed0/metrics.json,source=autodl_rtx4090_cuda12_4
lenet_dfr_N250_seed1,completed,lenet,dfr,250,1,1,1,,2026-07-12T01:43:40+02:00,cuda,outputs_final/lenet/dfr/N250/seed1/config_resolved.yaml,,outputs_final/lenet/dfr/N250/seed1/metrics.json,source=autodl_rtx4090_cuda12_4
lenet_dfr_N250_seed2,completed,lenet,dfr,250,2,2,2,,2026-07-12T01:43:49+02:00,cuda,outputs_final/lenet/dfr/N250/seed2/config_resolved.yaml,,outputs_final/lenet/dfr/N250/seed2/metrics.json,source=autodl_rtx4090_cuda12_4
lenet_dfr_N250_seed3,completed,lenet,dfr,250,3,3,3,,2026-07-12T01:43:56+02:00,cuda,outputs_final/lenet/dfr/N250/seed3/config_resolved.yaml,,outputs_final/lenet/dfr/N250/seed3/metrics.json,source=autodl_rtx4090_cuda12_4
lenet_dfr_N250_seed4,completed,lenet,dfr,250,4,4,4,,2026-07-12T01:44:03+02:00,cuda,outputs_final/lenet/dfr/N250/seed4/config_resolved.yaml,,outputs_final/lenet/dfr/N250/seed4/metrics.json,source=autodl_rtx4090_cuda12_4
lenet_dfr_N2500_seed0,completed,lenet,dfr,2500,0,0,0,,2026-07-12T01:45:20+02:00,cuda,outputs_final/lenet/dfr/N2500/seed0/config_resolved.yaml,,outputs_final/lenet/dfr/N2500/seed0/metrics.json,source=autodl_rtx4090_cuda12_4
lenet_dfr_N2500_seed1,completed,lenet,dfr,2500,1,1,1,,2026-07-12T01:45:28+02:00,cuda,outputs_final/lenet/dfr/N2500/seed1/config_resolved.yaml,,outputs_final/lenet/dfr/N2500/seed1/metrics.json,source=autodl_rtx4090_cuda12_4
lenet_dfr_N2500_seed2,completed,lenet,dfr,2500,2,2,2,,2026-07-12T01:45:36+02:00,cuda,outputs_final/lenet/dfr/N2500/seed2/config_resolved.yaml,,outputs_final/lenet/dfr/N2500/seed2/metrics.json,source=autodl_rtx4090_cuda12_4
lenet_dfr_N2500_seed3,completed,lenet,dfr,2500,3,3,3,,2026-07-12T01:45:47+02:00,cuda,outputs_final/lenet/dfr/N2500/seed3/config_resolved.yaml,,outputs_final/lenet/dfr/N2500/seed3/metrics.json,source=autodl_rtx4090_cuda12_4
lenet_dfr_N2500_seed4,completed,lenet,dfr,2500,4,4,4,,2026-07-12T01:45:58+02:00,cuda,outputs_final/lenet/dfr/N2500/seed4/config_resolved.yaml,,outputs_final/lenet/dfr/N2500/seed4/metrics.json,source=autodl_rtx4090_cuda12_4
lenet_dfr_N50_seed0,completed,lenet,dfr,50,0,0,0,,2026-07-12T01:42:29+02:00,cuda,outputs_final/lenet/dfr/N50/seed0/config_resolved.yaml,,outputs_final/lenet/dfr/N50/seed0/metrics.json,source=autodl_rtx4090_cuda12_4
lenet_dfr_N50_seed1,completed,lenet,dfr,50,1,1,1,,2026-07-12T01:42:35+02:00,cuda,outputs_final/lenet/dfr/N50/seed1/config_resolved.yaml,,outputs_final/lenet/dfr/N50/seed1/metrics.json,source=autodl_rtx4090_cuda12_4
lenet_dfr_N50_seed2,completed,lenet,dfr,50,2,2,2,,2026-07-12T01:42:41+02:00,cuda,outputs_final/lenet/dfr/N50/seed2/config_resolved.yaml,,outputs_final/lenet/dfr/N50/seed2/metrics.json,source=autodl_rtx4090_cuda12_4
lenet_dfr_N50_seed3,completed,lenet,dfr,50,3,3,3,,2026-07-12T01:42:48+02:00,cuda,outputs_final/lenet/dfr/N50/seed3/config_resolved.yaml,,outputs_final/lenet/dfr/N50/seed3/metrics.json,source=autodl_rtx4090_cuda12_4
lenet_dfr_N50_seed4,completed,lenet,dfr,50,4,4,4,,2026-07-12T01:42:54+02:00,cuda,outputs_final/lenet/dfr/N50/seed4/config_resolved.yaml,,outputs_final/lenet/dfr/N50/seed4/metrics.json,source=autodl_rtx4090_cuda12_4
lenet_dfr_N500_seed0,completed,lenet,dfr,500,0,0,0,,2026-07-12T01:44:09+02:00,cuda,outputs_final/lenet/dfr/N500/seed0/config_resolved.yaml,,outputs_final/lenet/dfr/N500/seed0/metrics.json,source=autodl_rtx4090_cuda12_4
lenet_dfr_N500_seed1,completed,lenet,dfr,500,1,1,1,,2026-07-12T01:44:16+02:00,cuda,outputs_final/lenet/dfr/N500/seed1/config_resolved.yaml,,outputs_final/lenet/dfr/N500/seed1/metrics.json,source=autodl_rtx4090_cuda12_4
lenet_dfr_N500_seed2,completed,lenet,dfr,500,2,2,2,,2026-07-12T01:44:23+02:00,cuda,outputs_final/lenet/dfr/N500/seed2/config_resolved.yaml,,outputs_final/lenet/dfr/N500/seed2/metrics.json,source=autodl_rtx4090_cuda12_4
lenet_dfr_N500_seed3,completed,lenet,dfr,500,3,3,3,,2026-07-12T01:44:31+02:00,cuda,outputs_final/lenet/dfr/N500/seed3/config_resolved.yaml,,outputs_final/lenet/dfr/N500/seed3/metrics.json,source=autodl_rtx4090_cuda12_4
lenet_dfr_N500_seed4,completed,lenet,dfr,500,4,4,4,,2026-07-12T01:44:37+02:00,cuda,outputs_final/lenet/dfr/N500/seed4/config_resolved.yaml,,outputs_final/lenet/dfr/N500/seed4/metrics.json,source=autodl_rtx4090_cuda12_4
lenet_dfr_N5000_seed0,completed,lenet,dfr,5000,0,0,0,,2026-07-12T01:46:14+02:00,cuda,outputs_final/lenet/dfr/N5000/seed0/config_resolved.yaml,,outputs_final/lenet/dfr/N5000/seed0/metrics.json,source=autodl_rtx4090_cuda12_4
lenet_dfr_N5000_seed1,completed,lenet,dfr,5000,1,1,1,,2026-07-12T01:46:33+02:00,cuda,outputs_final/lenet/dfr/N5000/seed1/config_resolved.yaml,,outputs_final/lenet/dfr/N5000/seed1/metrics.json,source=autodl_rtx4090_cuda12_4
lenet_dfr_N5000_seed2,completed,lenet,dfr,5000,2,2,2,,2026-07-12T01:46:51+02:00,cuda,outputs_final/lenet/dfr/N5000/seed2/config_resolved.yaml,,outputs_final/lenet/dfr/N5000/seed2/metrics.json,source=autodl_rtx4090_cuda12_4
lenet_dfr_N5000_seed3,completed,lenet,dfr,5000,3,3,3,,2026-07-12T01:47:08+02:00,cuda,outputs_final/lenet/dfr/N5000/seed3/config_resolved.yaml,,outputs_final/lenet/dfr/N5000/seed3/metrics.json,source=autodl_rtx4090_cuda12_4
lenet_dfr_N5000_seed4,completed,lenet,dfr,5000,4,4,4,,2026-07-12T01:47:26+02:00,cuda,outputs_final/lenet/dfr/N5000/seed4/config_resolved.yaml,,outputs_final/lenet/dfr/N5000/seed4/metrics.json,source=autodl_rtx4090_cuda12_4
lenet_erm_N0_seed0,completed,lenet,erm,0,0,0,0,,2026-07-11T23:17:58+02:00,cuda,outputs_final/lenet/erm/N0/seed0/config_resolved.yaml,outputs_final/lenet/erm/N0/seed0/checkpoint.pt,outputs_final/lenet/erm/N0/seed0/metrics.json,source=autodl_rtx4090_cuda12_4
lenet_erm_N0_seed1,completed,lenet,erm,0,1,1,1,,2026-07-11T23:19:36+02:00,cuda,outputs_final/lenet/erm/N0/seed1/config_resolved.yaml,outputs_final/lenet/erm/N0/seed1/checkpoint.pt,outputs_final/lenet/erm/N0/seed1/metrics.json,source=autodl_rtx4090_cuda12_4
lenet_erm_N0_seed2,completed,lenet,erm,0,2,2,2,,2026-07-11T23:21:32+02:00,cuda,outputs_final/lenet/erm/N0/seed2/config_resolved.yaml,outputs_final/lenet/erm/N0/seed2/checkpoint.pt,outputs_final/lenet/erm/N0/seed2/metrics.json,source=autodl_rtx4090_cuda12_4
lenet_erm_N0_seed3,completed,lenet,erm,0,3,3,3,,2026-07-11T23:23:04+02:00,cuda,outputs_final/lenet/erm/N0/seed3/config_resolved.yaml,outputs_final/lenet/erm/N0/seed3/checkpoint.pt,outputs_final/lenet/erm/N0/seed3/metrics.json,source=autodl_rtx4090_cuda12_4
lenet_erm_N0_seed4,completed,lenet,erm,0,4,4,4,,2026-07-11T23:24:47+02:00,cuda,outputs_final/lenet/erm/N0/seed4/config_resolved.yaml,outputs_final/lenet/erm/N0/seed4/checkpoint.pt,outputs_final/lenet/erm/N0/seed4/metrics.json,source=autodl_rtx4090_cuda12_4
lenet_erm_N100_seed0,completed,lenet,erm,100,0,0,0,,2026-07-11T23:35:04+02:00,cuda,outputs_final/lenet/erm/N100/seed0/config_resolved.yaml,outputs_final/lenet/erm/N100/seed0/checkpoint.pt,outputs_final/lenet/erm/N100/seed0/metrics.json,source=autodl_rtx4090_cuda12_4
lenet_erm_N100_seed1,completed,lenet,erm,100,1,1,1,,2026-07-11T23:36:51+02:00,cuda,outputs_final/lenet/erm/N100/seed1/config_resolved.yaml,outputs_final/lenet/erm/N100/seed1/checkpoint.pt,outputs_final/lenet/erm/N100/seed1/metrics.json,source=autodl_rtx4090_cuda12_4
lenet_erm_N100_seed2,completed,lenet,erm,100,2,2,2,,2026-07-11T23:38:39+02:00,cuda,outputs_final/lenet/erm/N100/seed2/config_resolved.yaml,outputs_final/lenet/erm/N100/seed2/checkpoint.pt,outputs_final/lenet/erm/N100/seed2/metrics.json,source=autodl_rtx4090_cuda12_4
lenet_erm_N100_seed3,completed,lenet,erm,100,3,3,3,,2026-07-11T23:40:19+02:00,cuda,outputs_final/lenet/erm/N100/seed3/config_resolved.yaml,outputs_final/lenet/erm/N100/seed3/checkpoint.pt,outputs_final/lenet/erm/N100/seed3/metrics.json,source=autodl_rtx4090_cuda12_4
lenet_erm_N100_seed4,completed,lenet,erm,100,4,4,4,,2026-07-11T23:41:36+02:00,cuda,outputs_final/lenet/erm/N100/seed4/config_resolved.yaml,outputs_final/lenet/erm/N100/seed4/checkpoint.pt,outputs_final/lenet/erm/N100/seed4/metrics.json,source=autodl_rtx4090_cuda12_4
lenet_erm_N1000_seed0,completed,lenet,erm,1000,0,0,0,,2026-07-12T00:00:14+02:00,cuda,outputs_final/lenet/erm/N1000/seed0/config_resolved.yaml,outputs_final/lenet/erm/N1000/seed0/checkpoint.pt,outputs_final/lenet/erm/N1000/seed0/metrics.json,source=autodl_rtx4090_cuda12_4
lenet_erm_N1000_seed1,completed,lenet,erm,1000,1,1,1,,2026-07-12T00:02:12+02:00,cuda,outputs_final/lenet/erm/N1000/seed1/config_resolved.yaml,outputs_final/lenet/erm/N1000/seed1/checkpoint.pt,outputs_final/lenet/erm/N1000/seed1/metrics.json,source=autodl_rtx4090_cuda12_4
lenet_erm_N1000_seed2,completed,lenet,erm,1000,2,2,2,,2026-07-12T00:03:55+02:00,cuda,outputs_final/lenet/erm/N1000/seed2/config_resolved.yaml,outputs_final/lenet/erm/N1000/seed2/checkpoint.pt,outputs_final/lenet/erm/N1000/seed2/metrics.json,source=autodl_rtx4090_cuda12_4
lenet_erm_N1000_seed3,completed,lenet,erm,1000,3,3,3,,2026-07-12T00:05:37+02:00,cuda,outputs_final/lenet/erm/N1000/seed3/config_resolved.yaml,outputs_final/lenet/erm/N1000/seed3/checkpoint.pt,outputs_final/lenet/erm/N1000/seed3/metrics.json,source=autodl_rtx4090_cuda12_4
lenet_erm_N1000_seed4,completed,lenet,erm,1000,4,4,4,,2026-07-12T00:07:35+02:00,cuda,outputs_final/lenet/erm/N1000/seed4/config_resolved.yaml,outputs_final/lenet/erm/N1000/seed4/checkpoint.pt,outputs_final/lenet/erm/N1000/seed4/metrics.json,source=autodl_rtx4090_cuda12_4
lenet_erm_N250_seed0,completed,lenet,erm,250,0,0,0,,2026-07-11T23:43:14+02:00,cuda,outputs_final/lenet/erm/N250/seed0/config_resolved.yaml,outputs_final/lenet/erm/N250/seed0/checkpoint.pt,outputs_final/lenet/erm/N250/seed0/metrics.json,source=autodl_rtx4090_cuda12_4
lenet_erm_N250_seed1,completed,lenet,erm,250,1,1,1,,2026-07-11T23:44:53+02:00,cuda,outputs_final/lenet/erm/N250/seed1/config_resolved.yaml,outputs_final/lenet/erm/N250/seed1/checkpoint.pt,outputs_final/lenet/erm/N250/seed1/metrics.json,source=autodl_rtx4090_cuda12_4
lenet_erm_N250_seed2,completed,lenet,erm,250,2,2,2,,2026-07-11T23:46:41+02:00,cuda,outputs_final/lenet/erm/N250/seed2/config_resolved.yaml,outputs_final/lenet/erm/N250/seed2/checkpoint.pt,outputs_final/lenet/erm/N250/seed2/metrics.json,source=autodl_rtx4090_cuda12_4
lenet_erm_N250_seed3,completed,lenet,erm,250,3,3,3,,2026-07-11T23:47:37+02:00,cuda,outputs_final/lenet/erm/N250/seed3/config_resolved.yaml,outputs_final/lenet/erm/N250/seed3/checkpoint.pt,outputs_final/lenet/erm/N250/seed3/metrics.json,source=autodl_rtx4090_cuda12_4
lenet_erm_N250_seed4,completed,lenet,erm,250,4,4,4,,2026-07-11T23:49:00+02:00,cuda,outputs_final/lenet/erm/N250/seed4/config_resolved.yaml,outputs_final/lenet/erm/N250/seed4/checkpoint.pt,outputs_final/lenet/erm/N250/seed4/metrics.json,source=autodl_rtx4090_cuda12_4
lenet_erm_N2500_seed0,completed,lenet,erm,2500,0,0,0,,2026-07-12T00:09:38+02:00,cuda,outputs_final/lenet/erm/N2500/seed0/config_resolved.yaml,outputs_final/lenet/erm/N2500/seed0/checkpoint.pt,outputs_final/lenet/erm/N2500/seed0/metrics.json,source=autodl_rtx4090_cuda12_4
lenet_erm_N2500_seed1,completed,lenet,erm,2500,1,1,1,,2026-07-12T00:11:10+02:00,cuda,outputs_final/lenet/erm/N2500/seed1/config_resolved.yaml,outputs_final/lenet/erm/N2500/seed1/checkpoint.pt,outputs_final/lenet/erm/N2500/seed1/metrics.json,source=autodl_rtx4090_cuda12_4
lenet_erm_N2500_seed2,completed,lenet,erm,2500,2,2,2,,2026-07-12T00:13:01+02:00,cuda,outputs_final/lenet/erm/N2500/seed2/config_resolved.yaml,outputs_final/lenet/erm/N2500/seed2/checkpoint.pt,outputs_final/lenet/erm/N2500/seed2/metrics.json,source=autodl_rtx4090_cuda12_4
lenet_erm_N2500_seed3,completed,lenet,erm,2500,3,3,3,,2026-07-12T00:14:19+02:00,cuda,outputs_final/lenet/erm/N2500/seed3/config_resolved.yaml,outputs_final/lenet/erm/N2500/seed3/checkpoint.pt,outputs_final/lenet/erm/N2500/seed3/metrics.json,source=autodl_rtx4090_cuda12_4
lenet_erm_N2500_seed4,completed,lenet,erm,2500,4,4,4,,2026-07-12T00:15:51+02:00,cuda,outputs_final/lenet/erm/N2500/seed4/config_resolved.yaml,outputs_final/lenet/erm/N2500/seed4/checkpoint.pt,outputs_final/lenet/erm/N2500/seed4/metrics.json,source=autodl_rtx4090_cuda12_4
lenet_erm_N50_seed0,completed,lenet,erm,50,0,0,0,,2026-07-11T23:26:43+02:00,cuda,outputs_final/lenet/erm/N50/seed0/config_resolved.yaml,outputs_final/lenet/erm/N50/seed0/checkpoint.pt,outputs_final/lenet/erm/N50/seed0/metrics.json,source=autodl_rtx4090_cuda12_4
lenet_erm_N50_seed1,completed,lenet,erm,50,1,1,1,,2026-07-11T23:28:34+02:00,cuda,outputs_final/lenet/erm/N50/seed1/config_resolved.yaml,outputs_final/lenet/erm/N50/seed1/checkpoint.pt,outputs_final/lenet/erm/N50/seed1/metrics.json,source=autodl_rtx4090_cuda12_4
lenet_erm_N50_seed2,completed,lenet,erm,50,2,2,2,,2026-07-11T23:29:55+02:00,cuda,outputs_final/lenet/erm/N50/seed2/config_resolved.yaml,outputs_final/lenet/erm/N50/seed2/checkpoint.pt,outputs_final/lenet/erm/N50/seed2/metrics.json,source=autodl_rtx4090_cuda12_4
lenet_erm_N50_seed3,completed,lenet,erm,50,3,3,3,,2026-07-11T23:31:16+02:00,cuda,outputs_final/lenet/erm/N50/seed3/config_resolved.yaml,outputs_final/lenet/erm/N50/seed3/checkpoint.pt,outputs_final/lenet/erm/N50/seed3/metrics.json,source=autodl_rtx4090_cuda12_4
lenet_erm_N50_seed4,completed,lenet,erm,50,4,4,4,,2026-07-11T23:33:04+02:00,cuda,outputs_final/lenet/erm/N50/seed4/config_resolved.yaml,outputs_final/lenet/erm/N50/seed4/checkpoint.pt,outputs_final/lenet/erm/N50/seed4/metrics.json,source=autodl_rtx4090_cuda12_4
lenet_erm_N500_seed0,completed,lenet,erm,500,0,0,0,,2026-07-11T23:50:27+02:00,cuda,outputs_final/lenet/erm/N500/seed0/config_resolved.yaml,outputs_final/lenet/erm/N500/seed0/checkpoint.pt,outputs_final/lenet/erm/N500/seed0/metrics.json,source=autodl_rtx4090_cuda12_4
lenet_erm_N500_seed1,completed,lenet,erm,500,1,1,1,,2026-07-11T23:52:16+02:00,cuda,outputs_final/lenet/erm/N500/seed1/config_resolved.yaml,outputs_final/lenet/erm/N500/seed1/checkpoint.pt,outputs_final/lenet/erm/N500/seed1/metrics.json,source=autodl_rtx4090_cuda12_4
lenet_erm_N500_seed2,completed,lenet,erm,500,2,2,2,,2026-07-11T23:54:16+02:00,cuda,outputs_final/lenet/erm/N500/seed2/config_resolved.yaml,outputs_final/lenet/erm/N500/seed2/checkpoint.pt,outputs_final/lenet/erm/N500/seed2/metrics.json,source=autodl_rtx4090_cuda12_4
lenet_erm_N500_seed3,completed,lenet,erm,500,3,3,3,,2026-07-11T23:56:23+02:00,cuda,outputs_final/lenet/erm/N500/seed3/config_resolved.yaml,outputs_final/lenet/erm/N500/seed3/checkpoint.pt,outputs_final/lenet/erm/N500/seed3/metrics.json,source=autodl_rtx4090_cuda12_4
lenet_erm_N500_seed4,completed,lenet,erm,500,4,4,4,,2026-07-11T23:58:13+02:00,cuda,outputs_final/lenet/erm/N500/seed4/config_resolved.yaml,outputs_final/lenet/erm/N500/seed4/checkpoint.pt,outputs_final/lenet/erm/N500/seed4/metrics.json,source=autodl_rtx4090_cuda12_4
lenet_erm_N5000_seed0,completed,lenet,erm,5000,0,0,0,,2026-07-12T00:17:34+02:00,cuda,outputs_final/lenet/erm/N5000/seed0/config_resolved.yaml,outputs_final/lenet/erm/N5000/seed0/checkpoint.pt,outputs_final/lenet/erm/N5000/seed0/metrics.json,source=autodl_rtx4090_cuda12_4
lenet_erm_N5000_seed1,completed,lenet,erm,5000,1,1,1,,2026-07-12T00:19:03+02:00,cuda,outputs_final/lenet/erm/N5000/seed1/config_resolved.yaml,outputs_final/lenet/erm/N5000/seed1/checkpoint.pt,outputs_final/lenet/erm/N5000/seed1/metrics.json,source=autodl_rtx4090_cuda12_4
lenet_erm_N5000_seed2,completed,lenet,erm,5000,2,2,2,,2026-07-12T00:20:24+02:00,cuda,outputs_final/lenet/erm/N5000/seed2/config_resolved.yaml,outputs_final/lenet/erm/N5000/seed2/checkpoint.pt,outputs_final/lenet/erm/N5000/seed2/metrics.json,source=autodl_rtx4090_cuda12_4
lenet_erm_N5000_seed3,completed,lenet,erm,5000,3,3,3,,2026-07-12T00:21:24+02:00,cuda,outputs_final/lenet/erm/N5000/seed3/config_resolved.yaml,outputs_final/lenet/erm/N5000/seed3/checkpoint.pt,outputs_final/lenet/erm/N5000/seed3/metrics.json,source=autodl_rtx4090_cuda12_4
lenet_erm_N5000_seed4,completed,lenet,erm,5000,4,4,4,,2026-07-12T00:22:15+02:00,cuda,outputs_final/lenet/erm/N5000/seed4/config_resolved.yaml,outputs_final/lenet/erm/N5000/seed4/checkpoint.pt,outputs_final/lenet/erm/N5000/seed4/metrics.json,source=autodl_rtx4090_cuda12_4
lenet_groupdro_N0_seed0,completed,lenet,groupdro,0,0,0,0,,2026-07-12T00:24:09+02:00,cuda,outputs_final/lenet/groupdro/N0/seed0/config_resolved.yaml,,outputs_final/lenet/groupdro/N0/seed0/metrics.json,source=autodl_rtx4090_cuda12_4
lenet_groupdro_N0_seed1,completed,lenet,groupdro,0,1,1,1,,2026-07-12T00:25:38+02:00,cuda,outputs_final/lenet/groupdro/N0/seed1/config_resolved.yaml,,outputs_final/lenet/groupdro/N0/seed1/metrics.json,source=autodl_rtx4090_cuda12_4
lenet_groupdro_N0_seed2,completed,lenet,groupdro,0,2,2,2,,2026-07-12T00:27:13+02:00,cuda,outputs_final/lenet/groupdro/N0/seed2/config_resolved.yaml,,outputs_final/lenet/groupdro/N0/seed2/metrics.json,source=autodl_rtx4090_cuda12_4
lenet_groupdro_N0_seed3,completed,lenet,groupdro,0,3,3,3,,2026-07-12T00:29:25+02:00,cuda,outputs_final/lenet/groupdro/N0/seed3/config_resolved.yaml,,outputs_final/lenet/groupdro/N0/seed3/metrics.json,source=autodl_rtx4090_cuda12_4
lenet_groupdro_N0_seed4,completed,lenet,groupdro,0,4,4,4,,2026-07-12T00:31:15+02:00,cuda,outputs_final/lenet/groupdro/N0/seed4/config_resolved.yaml,,outputs_final/lenet/groupdro/N0/seed4/metrics.json,source=autodl_rtx4090_cuda12_4
lenet_groupdro_N100_seed0,completed,lenet,groupdro,100,0,0,0,,2026-07-12T00:43:49+02:00,cuda,outputs_final/lenet/groupdro/N100/seed0/config_resolved.yaml,,outputs_final/lenet/groupdro/N100/seed0/metrics.json,source=autodl_rtx4090_cuda12_4
lenet_groupdro_N100_seed1,completed,lenet,groupdro,100,1,1,1,,2026-07-12T00:46:11+02:00,cuda,outputs_final/lenet/groupdro/N100/seed1/config_resolved.yaml,,outputs_final/lenet/groupdro/N100/seed1/metrics.json,source=autodl_rtx4090_cuda12_4
lenet_groupdro_N100_seed2,completed,lenet,groupdro,100,2,2,2,,2026-07-12T00:48:10+02:00,cuda,outputs_final/lenet/groupdro/N100/seed2/config_resolved.yaml,,outputs_final/lenet/groupdro/N100/seed2/metrics.json,source=autodl_rtx4090_cuda12_4
lenet_groupdro_N100_seed3,completed,lenet,groupdro,100,3,3,3,,2026-07-12T00:50:04+02:00,cuda,outputs_final/lenet/groupdro/N100/seed3/config_resolved.yaml,,outputs_final/lenet/groupdro/N100/seed3/metrics.json,source=autodl_rtx4090_cuda12_4
lenet_groupdro_N100_seed4,completed,lenet,groupdro,100,4,4,4,,2026-07-12T00:51:58+02:00,cuda,outputs_final/lenet/groupdro/N100/seed4/config_resolved.yaml,,outputs_final/lenet/groupdro/N100/seed4/metrics.json,source=autodl_rtx4090_cuda12_4
lenet_groupdro_N1000_seed0,completed,lenet,groupdro,1000,0,0,0,,2026-07-12T01:14:00+02:00,cuda,outputs_final/lenet/groupdro/N1000/seed0/config_resolved.yaml,,outputs_final/lenet/groupdro/N1000/seed0/metrics.json,source=autodl_rtx4090_cuda12_4
lenet_groupdro_N1000_seed1,completed,lenet,groupdro,1000,1,1,1,,2026-07-12T01:16:01+02:00,cuda,outputs_final/lenet/groupdro/N1000/seed1/config_resolved.yaml,,outputs_final/lenet/groupdro/N1000/seed1/metrics.json,source=autodl_rtx4090_cuda12_4
lenet_groupdro_N1000_seed2,completed,lenet,groupdro,1000,2,2,2,,2026-07-12T01:18:10+02:00,cuda,outputs_final/lenet/groupdro/N1000/seed2/config_resolved.yaml,,outputs_final/lenet/groupdro/N1000/seed2/metrics.json,source=autodl_rtx4090_cuda12_4
lenet_groupdro_N1000_seed3,completed,lenet,groupdro,1000,3,3,3,,2026-07-12T01:20:33+02:00,cuda,outputs_final/lenet/groupdro/N1000/seed3/config_resolved.yaml,,outputs_final/lenet/groupdro/N1000/seed3/metrics.json,source=autodl_rtx4090_cuda12_4
lenet_groupdro_N1000_seed4,completed,lenet,groupdro,1000,4,4,4,,2026-07-12T01:22:00+02:00,cuda,outputs_final/lenet/groupdro/N1000/seed4/config_resolved.yaml,,outputs_final/lenet/groupdro/N1000/seed4/metrics.json,source=autodl_rtx4090_cuda12_4
lenet_groupdro_N250_seed0,completed,lenet,groupdro,250,0,0,0,,2026-07-12T00:53:58+02:00,cuda,outputs_final/lenet/groupdro/N250/seed0/config_resolved.yaml,,outputs_final/lenet/groupdro/N250/seed0/metrics.json,source=autodl_rtx4090_cuda12_4
lenet_groupdro_N250_seed1,completed,lenet,groupdro,250,1,1,1,,2026-07-12T00:56:10+02:00,cuda,outputs_final/lenet/groupdro/N250/seed1/config_resolved.yaml,,outputs_final/lenet/groupdro/N250/seed1/metrics.json,source=autodl_rtx4090_cuda12_4
lenet_groupdro_N250_seed2,completed,lenet,groupdro,250,2,2,2,,2026-07-12T00:58:07+02:00,cuda,outputs_final/lenet/groupdro/N250/seed2/config_resolved.yaml,,outputs_final/lenet/groupdro/N250/seed2/metrics.json,source=autodl_rtx4090_cuda12_4
lenet_groupdro_N250_seed3,completed,lenet,groupdro,250,3,3,3,,2026-07-12T01:00:26+02:00,cuda,outputs_final/lenet/groupdro/N250/seed3/config_resolved.yaml,,outputs_final/lenet/groupdro/N250/seed3/metrics.json,source=autodl_rtx4090_cuda12_4
lenet_groupdro_N250_seed4,completed,lenet,groupdro,250,4,4,4,,2026-07-12T01:02:32+02:00,cuda,outputs_final/lenet/groupdro/N250/seed4/config_resolved.yaml,,outputs_final/lenet/groupdro/N250/seed4/metrics.json,source=autodl_rtx4090_cuda12_4
lenet_groupdro_N2500_seed0,completed,lenet,groupdro,2500,0,0,0,,2026-07-12T01:24:00+02:00,cuda,outputs_final/lenet/groupdro/N2500/seed0/config_resolved.yaml,,outputs_final/lenet/groupdro/N2500/seed0/metrics.json,source=autodl_rtx4090_cuda12_4
lenet_groupdro_N2500_seed1,completed,lenet,groupdro,2500,1,1,1,,2026-07-12T01:26:26+02:00,cuda,outputs_final/lenet/groupdro/N2500/seed1/config_resolved.yaml,,outputs_final/lenet/groupdro/N2500/seed1/metrics.json,source=autodl_rtx4090_cuda12_4
lenet_groupdro_N2500_seed2,completed,lenet,groupdro,2500,2,2,2,,2026-07-12T01:28:18+02:00,cuda,outputs_final/lenet/groupdro/N2500/seed2/config_resolved.yaml,,outputs_final/lenet/groupdro/N2500/seed2/metrics.json,source=autodl_rtx4090_cuda12_4
lenet_groupdro_N2500_seed3,completed,lenet,groupdro,2500,3,3,3,,2026-07-12T01:30:28+02:00,cuda,outputs_final/lenet/groupdro/N2500/seed3/config_resolved.yaml,,outputs_final/lenet/groupdro/N2500/seed3/metrics.json,source=autodl_rtx4090_cuda12_4
lenet_groupdro_N2500_seed4,completed,lenet,groupdro,2500,4,4,4,,2026-07-12T01:31:42+02:00,cuda,outputs_final/lenet/groupdro/N2500/seed4/config_resolved.yaml,,outputs_final/lenet/groupdro/N2500/seed4/metrics.json,source=autodl_rtx4090_cuda12_4
lenet_groupdro_N50_seed0,completed,lenet,groupdro,50,0,0,0,,2026-07-12T00:33:24+02:00,cuda,outputs_final/lenet/groupdro/N50/seed0/config_resolved.yaml,,outputs_final/lenet/groupdro/N50/seed0/metrics.json,source=autodl_rtx4090_cuda12_4
lenet_groupdro_N50_seed1,completed,lenet,groupdro,50,1,1,1,,2026-07-12T00:35:16+02:00,cuda,outputs_final/lenet/groupdro/N50/seed1/config_resolved.yaml,,outputs_final/lenet/groupdro/N50/seed1/metrics.json,source=autodl_rtx4090_cuda12_4
lenet_groupdro_N50_seed2,completed,lenet,groupdro,50,2,2,2,,2026-07-12T00:37:26+02:00,cuda,outputs_final/lenet/groupdro/N50/seed2/config_resolved.yaml,,outputs_final/lenet/groupdro/N50/seed2/metrics.json,source=autodl_rtx4090_cuda12_4
lenet_groupdro_N50_seed3,completed,lenet,groupdro,50,3,3,3,,2026-07-12T00:39:33+02:00,cuda,outputs_final/lenet/groupdro/N50/seed3/config_resolved.yaml,,outputs_final/lenet/groupdro/N50/seed3/metrics.json,source=autodl_rtx4090_cuda12_4
lenet_groupdro_N50_seed4,completed,lenet,groupdro,50,4,4,4,,2026-07-12T00:41:39+02:00,cuda,outputs_final/lenet/groupdro/N50/seed4/config_resolved.yaml,,outputs_final/lenet/groupdro/N50/seed4/metrics.json,source=autodl_rtx4090_cuda12_4
lenet_groupdro_N500_seed0,completed,lenet,groupdro,500,0,0,0,,2026-07-12T01:04:43+02:00,cuda,outputs_final/lenet/groupdro/N500/seed0/config_resolved.yaml,,outputs_final/lenet/groupdro/N500/seed0/metrics.json,source=autodl_rtx4090_cuda12_4
lenet_groupdro_N500_seed1,completed,lenet,groupdro,500,1,1,1,,2026-07-12T01:06:38+02:00,cuda,outputs_final/lenet/groupdro/N500/seed1/config_resolved.yaml,,outputs_final/lenet/groupdro/N500/seed1/metrics.json,source=autodl_rtx4090_cuda12_4
lenet_groupdro_N500_seed2,completed,lenet,groupdro,500,2,2,2,,2026-07-12T01:08:08+02:00,cuda,outputs_final/lenet/groupdro/N500/seed2/config_resolved.yaml,,outputs_final/lenet/groupdro/N500/seed2/metrics.json,source=autodl_rtx4090_cuda12_4
lenet_groupdro_N500_seed3,completed,lenet,groupdro,500,3,3,3,,2026-07-12T01:10:17+02:00,cuda,outputs_final/lenet/groupdro/N500/seed3/config_resolved.yaml,,outputs_final/lenet/groupdro/N500/seed3/metrics.json,source=autodl_rtx4090_cuda12_4
lenet_groupdro_N500_seed4,completed,lenet,groupdro,500,4,4,4,,2026-07-12T01:12:07+02:00,cuda,outputs_final/lenet/groupdro/N500/seed4/config_resolved.yaml,,outputs_final/lenet/groupdro/N500/seed4/metrics.json,source=autodl_rtx4090_cuda12_4
lenet_groupdro_N5000_seed0,completed,lenet,groupdro,5000,0,0,0,,2026-07-12T01:33:23+02:00,cuda,outputs_final/lenet/groupdro/N5000/seed0/config_resolved.yaml,,outputs_final/lenet/groupdro/N5000/seed0/metrics.json,source=autodl_rtx4090_cuda12_4
lenet_groupdro_N5000_seed1,completed,lenet,groupdro,5000,1,1,1,,2026-07-12T01:35:36+02:00,cuda,outputs_final/lenet/groupdro/N5000/seed1/config_resolved.yaml,,outputs_final/lenet/groupdro/N5000/seed1/metrics.json,source=autodl_rtx4090_cuda12_4
lenet_groupdro_N5000_seed2,completed,lenet,groupdro,5000,2,2,2,,2026-07-12T01:37:40+02:00,cuda,outputs_final/lenet/groupdro/N5000/seed2/config_resolved.yaml,,outputs_final/lenet/groupdro/N5000/seed2/metrics.json,source=autodl_rtx4090_cuda12_4
lenet_groupdro_N5000_seed3,completed,lenet,groupdro,5000,3,3,3,,2026-07-12T01:39:56+02:00,cuda,outputs_final/lenet/groupdro/N5000/seed3/config_resolved.yaml,,outputs_final/lenet/groupdro/N5000/seed3/metrics.json,source=autodl_rtx4090_cuda12_4
lenet_groupdro_N5000_seed4,completed,lenet,groupdro,5000,4,4,4,,2026-07-12T01:42:23+02:00,cuda,outputs_final/lenet/groupdro/N5000/seed4/config_resolved.yaml,,outputs_final/lenet/groupdro/N5000/seed4/metrics.json,source=autodl_rtx4090_cuda12_4
resnet18_mnist_dfr_N100_seed0,completed,resnet18_mnist,dfr,100,0,0,0,,2026-07-12T05:14:37+02:00,cuda,outputs_final/resnet18_mnist/dfr/N100/seed0/config_resolved.yaml,,outputs_final/resnet18_mnist/dfr/N100/seed0/metrics.json,source=autodl_rtx4090_cuda12_4
resnet18_mnist_dfr_N100_seed1,completed,resnet18_mnist,dfr,100,1,1,1,,2026-07-12T05:14:46+02:00,cuda,outputs_final/resnet18_mnist/dfr/N100/seed1/config_resolved.yaml,,outputs_final/resnet18_mnist/dfr/N100/seed1/metrics.json,source=autodl_rtx4090_cuda12_4
resnet18_mnist_dfr_N100_seed2,completed,resnet18_mnist,dfr,100,2,2,2,,2026-07-12T05:14:54+02:00,cuda,outputs_final/resnet18_mnist/dfr/N100/seed2/config_resolved.yaml,,outputs_final/resnet18_mnist/dfr/N100/seed2/metrics.json,source=autodl_rtx4090_cuda12_4
resnet18_mnist_dfr_N100_seed3,completed,resnet18_mnist,dfr,100,3,3,3,,2026-07-12T05:15:03+02:00,cuda,outputs_final/resnet18_mnist/dfr/N100/seed3/config_resolved.yaml,,outputs_final/resnet18_mnist/dfr/N100/seed3/metrics.json,source=autodl_rtx4090_cuda12_4
resnet18_mnist_dfr_N100_seed4,completed,resnet18_mnist,dfr,100,4,4,4,,2026-07-12T05:15:11+02:00,cuda,outputs_final/resnet18_mnist/dfr/N100/seed4/config_resolved.yaml,,outputs_final/resnet18_mnist/dfr/N100/seed4/metrics.json,source=autodl_rtx4090_cuda12_4
resnet18_mnist_dfr_N1000_seed0,completed,resnet18_mnist,dfr,1000,0,0,0,,2026-07-12T05:16:55+02:00,cuda,outputs_final/resnet18_mnist/dfr/N1000/seed0/config_resolved.yaml,,outputs_final/resnet18_mnist/dfr/N1000/seed0/metrics.json,source=autodl_rtx4090_cuda12_4
resnet18_mnist_dfr_N1000_seed1,completed,resnet18_mnist,dfr,1000,1,1,1,,2026-07-12T05:17:06+02:00,cuda,outputs_final/resnet18_mnist/dfr/N1000/seed1/config_resolved.yaml,,outputs_final/resnet18_mnist/dfr/N1000/seed1/metrics.json,source=autodl_rtx4090_cuda12_4
resnet18_mnist_dfr_N1000_seed2,completed,resnet18_mnist,dfr,1000,2,2,2,,2026-07-12T05:17:18+02:00,cuda,outputs_final/resnet18_mnist/dfr/N1000/seed2/config_resolved.yaml,,outputs_final/resnet18_mnist/dfr/N1000/seed2/metrics.json,source=autodl_rtx4090_cuda12_4
resnet18_mnist_dfr_N1000_seed3,completed,resnet18_mnist,dfr,1000,3,3,3,,2026-07-12T05:17:30+02:00,cuda,outputs_final/resnet18_mnist/dfr/N1000/seed3/config_resolved.yaml,,outputs_final/resnet18_mnist/dfr/N1000/seed3/metrics.json,source=autodl_rtx4090_cuda12_4
resnet18_mnist_dfr_N1000_seed4,completed,resnet18_mnist,dfr,1000,4,4,4,,2026-07-12T05:17:42+02:00,cuda,outputs_final/resnet18_mnist/dfr/N1000/seed4/config_resolved.yaml,,outputs_final/resnet18_mnist/dfr/N1000/seed4/metrics.json,source=autodl_rtx4090_cuda12_4
resnet18_mnist_dfr_N250_seed0,completed,resnet18_mnist,dfr,250,0,0,0,,2026-07-12T05:15:20+02:00,cuda,outputs_final/resnet18_mnist/dfr/N250/seed0/config_resolved.yaml,,outputs_final/resnet18_mnist/dfr/N250/seed0/metrics.json,source=autodl_rtx4090_cuda12_4
resnet18_mnist_dfr_N250_seed1,completed,resnet18_mnist,dfr,250,1,1,1,,2026-07-12T05:15:29+02:00,cuda,outputs_final/resnet18_mnist/dfr/N250/seed1/config_resolved.yaml,,outputs_final/resnet18_mnist/dfr/N250/seed1/metrics.json,source=autodl_rtx4090_cuda12_4
resnet18_mnist_dfr_N250_seed2,completed,resnet18_mnist,dfr,250,2,2,2,,2026-07-12T05:15:38+02:00,cuda,outputs_final/resnet18_mnist/dfr/N250/seed2/config_resolved.yaml,,outputs_final/resnet18_mnist/dfr/N250/seed2/metrics.json,source=autodl_rtx4090_cuda12_4
resnet18_mnist_dfr_N250_seed3,completed,resnet18_mnist,dfr,250,3,3,3,,2026-07-12T05:15:47+02:00,cuda,outputs_final/resnet18_mnist/dfr/N250/seed3/config_resolved.yaml,,outputs_final/resnet18_mnist/dfr/N250/seed3/metrics.json,source=autodl_rtx4090_cuda12_4
resnet18_mnist_dfr_N250_seed4,completed,resnet18_mnist,dfr,250,4,4,4,,2026-07-12T05:15:57+02:00,cuda,outputs_final/resnet18_mnist/dfr/N250/seed4/config_resolved.yaml,,outputs_final/resnet18_mnist/dfr/N250/seed4/metrics.json,source=autodl_rtx4090_cuda12_4
resnet18_mnist_dfr_N2500_seed0,completed,resnet18_mnist,dfr,2500,0,0,0,,2026-07-12T05:17:56+02:00,cuda,outputs_final/resnet18_mnist/dfr/N2500/seed0/config_resolved.yaml,,outputs_final/resnet18_mnist/dfr/N2500/seed0/metrics.json,source=autodl_rtx4090_cuda12_4
resnet18_mnist_dfr_N2500_seed1,completed,resnet18_mnist,dfr,2500,1,1,1,,2026-07-12T05:18:08+02:00,cuda,outputs_final/resnet18_mnist/dfr/N2500/seed1/config_resolved.yaml,,outputs_final/resnet18_mnist/dfr/N2500/seed1/metrics.json,source=autodl_rtx4090_cuda12_4
resnet18_mnist_dfr_N2500_seed2,completed,resnet18_mnist,dfr,2500,2,2,2,,2026-07-12T05:18:23+02:00,cuda,outputs_final/resnet18_mnist/dfr/N2500/seed2/config_resolved.yaml,,outputs_final/resnet18_mnist/dfr/N2500/seed2/metrics.json,source=autodl_rtx4090_cuda12_4
resnet18_mnist_dfr_N2500_seed3,completed,resnet18_mnist,dfr,2500,3,3,3,,2026-07-12T05:18:37+02:00,cuda,outputs_final/resnet18_mnist/dfr/N2500/seed3/config_resolved.yaml,,outputs_final/resnet18_mnist/dfr/N2500/seed3/metrics.json,source=autodl_rtx4090_cuda12_4
resnet18_mnist_dfr_N2500_seed4,completed,resnet18_mnist,dfr,2500,4,4,4,,2026-07-12T05:18:50+02:00,cuda,outputs_final/resnet18_mnist/dfr/N2500/seed4/config_resolved.yaml,,outputs_final/resnet18_mnist/dfr/N2500/seed4/metrics.json,source=autodl_rtx4090_cuda12_4
resnet18_mnist_dfr_N50_seed0,completed,resnet18_mnist,dfr,50,0,0,0,,2026-07-12T05:13:52+02:00,cuda,outputs_final/resnet18_mnist/dfr/N50/seed0/config_resolved.yaml,,outputs_final/resnet18_mnist/dfr/N50/seed0/metrics.json,source=autodl_rtx4090_cuda12_4
resnet18_mnist_dfr_N50_seed1,completed,resnet18_mnist,dfr,50,1,1,1,,2026-07-12T05:14:01+02:00,cuda,outputs_final/resnet18_mnist/dfr/N50/seed1/config_resolved.yaml,,outputs_final/resnet18_mnist/dfr/N50/seed1/metrics.json,source=autodl_rtx4090_cuda12_4
resnet18_mnist_dfr_N50_seed2,completed,resnet18_mnist,dfr,50,2,2,2,,2026-07-12T05:14:11+02:00,cuda,outputs_final/resnet18_mnist/dfr/N50/seed2/config_resolved.yaml,,outputs_final/resnet18_mnist/dfr/N50/seed2/metrics.json,source=autodl_rtx4090_cuda12_4
resnet18_mnist_dfr_N50_seed3,completed,resnet18_mnist,dfr,50,3,3,3,,2026-07-12T05:14:19+02:00,cuda,outputs_final/resnet18_mnist/dfr/N50/seed3/config_resolved.yaml,,outputs_final/resnet18_mnist/dfr/N50/seed3/metrics.json,source=autodl_rtx4090_cuda12_4
resnet18_mnist_dfr_N50_seed4,completed,resnet18_mnist,dfr,50,4,4,4,,2026-07-12T05:14:29+02:00,cuda,outputs_final/resnet18_mnist/dfr/N50/seed4/config_resolved.yaml,,outputs_final/resnet18_mnist/dfr/N50/seed4/metrics.json,source=autodl_rtx4090_cuda12_4
resnet18_mnist_dfr_N500_seed0,completed,resnet18_mnist,dfr,500,0,0,0,,2026-07-12T05:16:07+02:00,cuda,outputs_final/resnet18_mnist/dfr/N500/seed0/config_resolved.yaml,,outputs_final/resnet18_mnist/dfr/N500/seed0/metrics.json,source=autodl_rtx4090_cuda12_4
resnet18_mnist_dfr_N500_seed1,completed,resnet18_mnist,dfr,500,1,1,1,,2026-07-12T05:16:16+02:00,cuda,outputs_final/resnet18_mnist/dfr/N500/seed1/config_resolved.yaml,,outputs_final/resnet18_mnist/dfr/N500/seed1/metrics.json,source=autodl_rtx4090_cuda12_4
resnet18_mnist_dfr_N500_seed2,completed,resnet18_mnist,dfr,500,2,2,2,,2026-07-12T05:16:25+02:00,cuda,outputs_final/resnet18_mnist/dfr/N500/seed2/config_resolved.yaml,,outputs_final/resnet18_mnist/dfr/N500/seed2/metrics.json,source=autodl_rtx4090_cuda12_4
resnet18_mnist_dfr_N500_seed3,completed,resnet18_mnist,dfr,500,3,3,3,,2026-07-12T05:16:34+02:00,cuda,outputs_final/resnet18_mnist/dfr/N500/seed3/config_resolved.yaml,,outputs_final/resnet18_mnist/dfr/N500/seed3/metrics.json,source=autodl_rtx4090_cuda12_4
resnet18_mnist_dfr_N500_seed4,completed,resnet18_mnist,dfr,500,4,4,4,,2026-07-12T05:16:43+02:00,cuda,outputs_final/resnet18_mnist/dfr/N500/seed4/config_resolved.yaml,,outputs_final/resnet18_mnist/dfr/N500/seed4/metrics.json,source=autodl_rtx4090_cuda12_4
resnet18_mnist_dfr_N5000_seed0,completed,resnet18_mnist,dfr,5000,0,0,0,,2026-07-12T05:19:05+02:00,cuda,outputs_final/resnet18_mnist/dfr/N5000/seed0/config_resolved.yaml,,outputs_final/resnet18_mnist/dfr/N5000/seed0/metrics.json,source=autodl_rtx4090_cuda12_4
resnet18_mnist_dfr_N5000_seed1,completed,resnet18_mnist,dfr,5000,1,1,1,,2026-07-12T05:19:20+02:00,cuda,outputs_final/resnet18_mnist/dfr/N5000/seed1/config_resolved.yaml,,outputs_final/resnet18_mnist/dfr/N5000/seed1/metrics.json,source=autodl_rtx4090_cuda12_4
resnet18_mnist_dfr_N5000_seed2,completed,resnet18_mnist,dfr,5000,2,2,2,,2026-07-12T05:19:40+02:00,cuda,outputs_final/resnet18_mnist/dfr/N5000/seed2/config_resolved.yaml,,outputs_final/resnet18_mnist/dfr/N5000/seed2/metrics.json,source=autodl_rtx4090_cuda12_4
resnet18_mnist_dfr_N5000_seed3,completed,resnet18_mnist,dfr,5000,3,3,3,,2026-07-12T05:19:57+02:00,cuda,outputs_final/resnet18_mnist/dfr/N5000/seed3/config_resolved.yaml,,outputs_final/resnet18_mnist/dfr/N5000/seed3/metrics.json,source=autodl_rtx4090_cuda12_4
resnet18_mnist_dfr_N5000_seed4,completed,resnet18_mnist,dfr,5000,4,4,4,,2026-07-12T05:20:12+02:00,cuda,outputs_final/resnet18_mnist/dfr/N5000/seed4/config_resolved.yaml,,outputs_final/resnet18_mnist/dfr/N5000/seed4/metrics.json,source=autodl_rtx4090_cuda12_4
resnet18_mnist_erm_N0_seed0,completed,resnet18_mnist,erm,0,0,0,0,,2026-07-11T23:13:32+02:00,cuda,outputs_final/resnet18_mnist/erm/N0/seed0/config_resolved.yaml,outputs_final/resnet18_mnist/erm/N0/seed0/checkpoint.pt,outputs_final/resnet18_mnist/erm/N0/seed0/metrics.json,source=autodl_rtx4090_cuda12_4
resnet18_mnist_erm_N0_seed1,completed,resnet18_mnist,erm,0,1,1,1,,2026-07-12T01:49:39+02:00,cuda,outputs_final/resnet18_mnist/erm/N0/seed1/config_resolved.yaml,outputs_final/resnet18_mnist/erm/N0/seed1/checkpoint.pt,outputs_final/resnet18_mnist/erm/N0/seed1/metrics.json,source=autodl_rtx4090_cuda12_4
resnet18_mnist_erm_N0_seed2,completed,resnet18_mnist,erm,0,2,2,2,,2026-07-12T01:52:09+02:00,cuda,outputs_final/resnet18_mnist/erm/N0/seed2/config_resolved.yaml,outputs_final/resnet18_mnist/erm/N0/seed2/checkpoint.pt,outputs_final/resnet18_mnist/erm/N0/seed2/metrics.json,source=autodl_rtx4090_cuda12_4
resnet18_mnist_erm_N0_seed3,completed,resnet18_mnist,erm,0,3,3,3,,2026-07-12T01:54:43+02:00,cuda,outputs_final/resnet18_mnist/erm/N0/seed3/config_resolved.yaml,outputs_final/resnet18_mnist/erm/N0/seed3/checkpoint.pt,outputs_final/resnet18_mnist/erm/N0/seed3/metrics.json,source=autodl_rtx4090_cuda12_4
resnet18_mnist_erm_N0_seed4,completed,resnet18_mnist,erm,0,4,4,4,,2026-07-12T01:57:17+02:00,cuda,outputs_final/resnet18_mnist/erm/N0/seed4/config_resolved.yaml,outputs_final/resnet18_mnist/erm/N0/seed4/checkpoint.pt,outputs_final/resnet18_mnist/erm/N0/seed4/metrics.json,source=autodl_rtx4090_cuda12_4
resnet18_mnist_erm_N100_seed0,completed,resnet18_mnist,erm,100,0,0,0,,2026-07-12T02:12:39+02:00,cuda,outputs_final/resnet18_mnist/erm/N100/seed0/config_resolved.yaml,outputs_final/resnet18_mnist/erm/N100/seed0/checkpoint.pt,outputs_final/resnet18_mnist/erm/N100/seed0/metrics.json,source=autodl_rtx4090_cuda12_4
resnet18_mnist_erm_N100_seed1,completed,resnet18_mnist,erm,100,1,1,1,,2026-07-12T02:15:06+02:00,cuda,outputs_final/resnet18_mnist/erm/N100/seed1/config_resolved.yaml,outputs_final/resnet18_mnist/erm/N100/seed1/checkpoint.pt,outputs_final/resnet18_mnist/erm/N100/seed1/metrics.json,source=autodl_rtx4090_cuda12_4
resnet18_mnist_erm_N100_seed2,completed,resnet18_mnist,erm,100,2,2,2,,2026-07-12T02:17:36+02:00,cuda,outputs_final/resnet18_mnist/erm/N100/seed2/config_resolved.yaml,outputs_final/resnet18_mnist/erm/N100/seed2/checkpoint.pt,outputs_final/resnet18_mnist/erm/N100/seed2/metrics.json,source=autodl_rtx4090_cuda12_4
resnet18_mnist_erm_N100_seed3,completed,resnet18_mnist,erm,100,3,3,3,,2026-07-12T02:20:10+02:00,cuda,outputs_final/resnet18_mnist/erm/N100/seed3/config_resolved.yaml,outputs_final/resnet18_mnist/erm/N100/seed3/checkpoint.pt,outputs_final/resnet18_mnist/erm/N100/seed3/metrics.json,source=autodl_rtx4090_cuda12_4
resnet18_mnist_erm_N100_seed4,completed,resnet18_mnist,erm,100,4,4,4,,2026-07-12T02:22:27+02:00,cuda,outputs_final/resnet18_mnist/erm/N100/seed4/config_resolved.yaml,outputs_final/resnet18_mnist/erm/N100/seed4/checkpoint.pt,outputs_final/resnet18_mnist/erm/N100/seed4/metrics.json,source=autodl_rtx4090_cuda12_4
resnet18_mnist_erm_N1000_seed0,completed,resnet18_mnist,erm,1000,0,0,0,,2026-07-12T02:49:11+02:00,cuda,outputs_final/resnet18_mnist/erm/N1000/seed0/config_resolved.yaml,outputs_final/resnet18_mnist/erm/N1000/seed0/checkpoint.pt,outputs_final/resnet18_mnist/erm/N1000/seed0/metrics.json,source=autodl_rtx4090_cuda12_4
resnet18_mnist_erm_N1000_seed1,completed,resnet18_mnist,erm,1000,1,1,1,,2026-07-12T02:51:33+02:00,cuda,outputs_final/resnet18_mnist/erm/N1000/seed1/config_resolved.yaml,outputs_final/resnet18_mnist/erm/N1000/seed1/checkpoint.pt,outputs_final/resnet18_mnist/erm/N1000/seed1/metrics.json,source=autodl_rtx4090_cuda12_4
resnet18_mnist_erm_N1000_seed2,completed,resnet18_mnist,erm,1000,2,2,2,,2026-07-12T02:54:11+02:00,cuda,outputs_final/resnet18_mnist/erm/N1000/seed2/config_resolved.yaml,outputs_final/resnet18_mnist/erm/N1000/seed2/checkpoint.pt,outputs_final/resnet18_mnist/erm/N1000/seed2/metrics.json,source=autodl_rtx4090_cuda12_4
resnet18_mnist_erm_N1000_seed3,completed,resnet18_mnist,erm,1000,3,3,3,,2026-07-12T02:56:58+02:00,cuda,outputs_final/resnet18_mnist/erm/N1000/seed3/config_resolved.yaml,outputs_final/resnet18_mnist/erm/N1000/seed3/checkpoint.pt,outputs_final/resnet18_mnist/erm/N1000/seed3/metrics.json,source=autodl_rtx4090_cuda12_4
resnet18_mnist_erm_N1000_seed4,completed,resnet18_mnist,erm,1000,4,4,4,,2026-07-12T02:59:19+02:00,cuda,outputs_final/resnet18_mnist/erm/N1000/seed4/config_resolved.yaml,outputs_final/resnet18_mnist/erm/N1000/seed4/checkpoint.pt,outputs_final/resnet18_mnist/erm/N1000/seed4/metrics.json,source=autodl_rtx4090_cuda12_4
resnet18_mnist_erm_N250_seed0,completed,resnet18_mnist,erm,250,0,0,0,,2026-07-12T02:24:47+02:00,cuda,outputs_final/resnet18_mnist/erm/N250/seed0/config_resolved.yaml,outputs_final/resnet18_mnist/erm/N250/seed0/checkpoint.pt,outputs_final/resnet18_mnist/erm/N250/seed0/metrics.json,source=autodl_rtx4090_cuda12_4
resnet18_mnist_erm_N250_seed1,completed,resnet18_mnist,erm,250,1,1,1,,2026-07-12T02:27:10+02:00,cuda,outputs_final/resnet18_mnist/erm/N250/seed1/config_resolved.yaml,outputs_final/resnet18_mnist/erm/N250/seed1/checkpoint.pt,outputs_final/resnet18_mnist/erm/N250/seed1/metrics.json,source=autodl_rtx4090_cuda12_4
resnet18_mnist_erm_N250_seed2,completed,resnet18_mnist,erm,250,2,2,2,,2026-07-12T02:29:31+02:00,cuda,outputs_final/resnet18_mnist/erm/N250/seed2/config_resolved.yaml,outputs_final/resnet18_mnist/erm/N250/seed2/checkpoint.pt,outputs_final/resnet18_mnist/erm/N250/seed2/metrics.json,source=autodl_rtx4090_cuda12_4
resnet18_mnist_erm_N250_seed3,completed,resnet18_mnist,erm,250,3,3,3,,2026-07-12T02:31:49+02:00,cuda,outputs_final/resnet18_mnist/erm/N250/seed3/config_resolved.yaml,outputs_final/resnet18_mnist/erm/N250/seed3/checkpoint.pt,outputs_final/resnet18_mnist/erm/N250/seed3/metrics.json,source=autodl_rtx4090_cuda12_4
resnet18_mnist_erm_N250_seed4,completed,resnet18_mnist,erm,250,4,4,4,,2026-07-12T02:34:33+02:00,cuda,outputs_final/resnet18_mnist/erm/N250/seed4/config_resolved.yaml,outputs_final/resnet18_mnist/erm/N250/seed4/checkpoint.pt,outputs_final/resnet18_mnist/erm/N250/seed4/metrics.json,source=autodl_rtx4090_cuda12_4
resnet18_mnist_erm_N2500_seed0,completed,resnet18_mnist,erm,2500,0,0,0,,2026-07-12T03:01:02+02:00,cuda,outputs_final/resnet18_mnist/erm/N2500/seed0/config_resolved.yaml,outputs_final/resnet18_mnist/erm/N2500/seed0/checkpoint.pt,outputs_final/resnet18_mnist/erm/N2500/seed0/metrics.json,source=autodl_rtx4090_cuda12_4
resnet18_mnist_erm_N2500_seed1,completed,resnet18_mnist,erm,2500,1,1,1,,2026-07-12T03:03:29+02:00,cuda,outputs_final/resnet18_mnist/erm/N2500/seed1/config_resolved.yaml,outputs_final/resnet18_mnist/erm/N2500/seed1/checkpoint.pt,outputs_final/resnet18_mnist/erm/N2500/seed1/metrics.json,source=autodl_rtx4090_cuda12_4
resnet18_mnist_erm_N2500_seed2,completed,resnet18_mnist,erm,2500,2,2,2,,2026-07-12T03:06:05+02:00,cuda,outputs_final/resnet18_mnist/erm/N2500/seed2/config_resolved.yaml,outputs_final/resnet18_mnist/erm/N2500/seed2/checkpoint.pt,outputs_final/resnet18_mnist/erm/N2500/seed2/metrics.json,source=autodl_rtx4090_cuda12_4
resnet18_mnist_erm_N2500_seed3,completed,resnet18_mnist,erm,2500,3,3,3,,2026-07-12T03:08:16+02:00,cuda,outputs_final/resnet18_mnist/erm/N2500/seed3/config_resolved.yaml,outputs_final/resnet18_mnist/erm/N2500/seed3/checkpoint.pt,outputs_final/resnet18_mnist/erm/N2500/seed3/metrics.json,source=autodl_rtx4090_cuda12_4
resnet18_mnist_erm_N2500_seed4,completed,resnet18_mnist,erm,2500,4,4,4,,2026-07-12T03:10:33+02:00,cuda,outputs_final/resnet18_mnist/erm/N2500/seed4/config_resolved.yaml,outputs_final/resnet18_mnist/erm/N2500/seed4/checkpoint.pt,outputs_final/resnet18_mnist/erm/N2500/seed4/metrics.json,source=autodl_rtx4090_cuda12_4
resnet18_mnist_erm_N50_seed0,completed,resnet18_mnist,erm,50,0,0,0,,2026-07-12T01:59:53+02:00,cuda,outputs_final/resnet18_mnist/erm/N50/seed0/config_resolved.yaml,outputs_final/resnet18_mnist/erm/N50/seed0/checkpoint.pt,outputs_final/resnet18_mnist/erm/N50/seed0/metrics.json,source=autodl_rtx4090_cuda12_4
resnet18_mnist_erm_N50_seed1,completed,resnet18_mnist,erm,50,1,1,1,,2026-07-12T02:02:40+02:00,cuda,outputs_final/resnet18_mnist/erm/N50/seed1/config_resolved.yaml,outputs_final/resnet18_mnist/erm/N50/seed1/checkpoint.pt,outputs_final/resnet18_mnist/erm/N50/seed1/metrics.json,source=autodl_rtx4090_cuda12_4
resnet18_mnist_erm_N50_seed2,completed,resnet18_mnist,erm,50,2,2,2,,2026-07-12T02:05:10+02:00,cuda,outputs_final/resnet18_mnist/erm/N50/seed2/config_resolved.yaml,outputs_final/resnet18_mnist/erm/N50/seed2/checkpoint.pt,outputs_final/resnet18_mnist/erm/N50/seed2/metrics.json,source=autodl_rtx4090_cuda12_4
resnet18_mnist_erm_N50_seed3,completed,resnet18_mnist,erm,50,3,3,3,,2026-07-12T02:07:39+02:00,cuda,outputs_final/resnet18_mnist/erm/N50/seed3/config_resolved.yaml,outputs_final/resnet18_mnist/erm/N50/seed3/checkpoint.pt,outputs_final/resnet18_mnist/erm/N50/seed3/metrics.json,source=autodl_rtx4090_cuda12_4
resnet18_mnist_erm_N50_seed4,completed,resnet18_mnist,erm,50,4,4,4,,2026-07-12T02:10:09+02:00,cuda,outputs_final/resnet18_mnist/erm/N50/seed4/config_resolved.yaml,outputs_final/resnet18_mnist/erm/N50/seed4/checkpoint.pt,outputs_final/resnet18_mnist/erm/N50/seed4/metrics.json,source=autodl_rtx4090_cuda12_4
resnet18_mnist_erm_N500_seed0,completed,resnet18_mnist,erm,500,0,0,0,,2026-07-12T02:37:02+02:00,cuda,outputs_final/resnet18_mnist/erm/N500/seed0/config_resolved.yaml,outputs_final/resnet18_mnist/erm/N500/seed0/checkpoint.pt,outputs_final/resnet18_mnist/erm/N500/seed0/metrics.json,source=autodl_rtx4090_cuda12_4
resnet18_mnist_erm_N500_seed1,completed,resnet18_mnist,erm,500,1,1,1,,2026-07-12T02:39:26+02:00,cuda,outputs_final/resnet18_mnist/erm/N500/seed1/config_resolved.yaml,outputs_final/resnet18_mnist/erm/N500/seed1/checkpoint.pt,outputs_final/resnet18_mnist/erm/N500/seed1/metrics.json,source=autodl_rtx4090_cuda12_4
resnet18_mnist_erm_N500_seed2,completed,resnet18_mnist,erm,500,2,2,2,,2026-07-12T02:42:05+02:00,cuda,outputs_final/resnet18_mnist/erm/N500/seed2/config_resolved.yaml,outputs_final/resnet18_mnist/erm/N500/seed2/checkpoint.pt,outputs_final/resnet18_mnist/erm/N500/seed2/metrics.json,source=autodl_rtx4090_cuda12_4
resnet18_mnist_erm_N500_seed3,completed,resnet18_mnist,erm,500,3,3,3,,2026-07-12T02:44:38+02:00,cuda,outputs_final/resnet18_mnist/erm/N500/seed3/config_resolved.yaml,outputs_final/resnet18_mnist/erm/N500/seed3/checkpoint.pt,outputs_final/resnet18_mnist/erm/N500/seed3/metrics.json,source=autodl_rtx4090_cuda12_4
resnet18_mnist_erm_N500_seed4,completed,resnet18_mnist,erm,500,4,4,4,,2026-07-12T02:46:44+02:00,cuda,outputs_final/resnet18_mnist/erm/N500/seed4/config_resolved.yaml,outputs_final/resnet18_mnist/erm/N500/seed4/checkpoint.pt,outputs_final/resnet18_mnist/erm/N500/seed4/metrics.json,source=autodl_rtx4090_cuda12_4
resnet18_mnist_erm_N5000_seed0,completed,resnet18_mnist,erm,5000,0,0,0,,2026-07-12T03:13:08+02:00,cuda,outputs_final/resnet18_mnist/erm/N5000/seed0/config_resolved.yaml,outputs_final/resnet18_mnist/erm/N5000/seed0/checkpoint.pt,outputs_final/resnet18_mnist/erm/N5000/seed0/metrics.json,source=autodl_rtx4090_cuda12_4
resnet18_mnist_erm_N5000_seed1,completed,resnet18_mnist,erm,5000,1,1,1,,2026-07-12T03:15:49+02:00,cuda,outputs_final/resnet18_mnist/erm/N5000/seed1/config_resolved.yaml,outputs_final/resnet18_mnist/erm/N5000/seed1/checkpoint.pt,outputs_final/resnet18_mnist/erm/N5000/seed1/metrics.json,source=autodl_rtx4090_cuda12_4
resnet18_mnist_erm_N5000_seed2,completed,resnet18_mnist,erm,5000,2,2,2,,2026-07-12T03:18:28+02:00,cuda,outputs_final/resnet18_mnist/erm/N5000/seed2/config_resolved.yaml,outputs_final/resnet18_mnist/erm/N5000/seed2/checkpoint.pt,outputs_final/resnet18_mnist/erm/N5000/seed2/metrics.json,source=autodl_rtx4090_cuda12_4
resnet18_mnist_erm_N5000_seed3,completed,resnet18_mnist,erm,5000,3,3,3,,2026-07-12T03:20:57+02:00,cuda,outputs_final/resnet18_mnist/erm/N5000/seed3/config_resolved.yaml,outputs_final/resnet18_mnist/erm/N5000/seed3/checkpoint.pt,outputs_final/resnet18_mnist/erm/N5000/seed3/metrics.json,source=autodl_rtx4090_cuda12_4
resnet18_mnist_erm_N5000_seed4,completed,resnet18_mnist,erm,5000,4,4,4,,2026-07-12T03:23:24+02:00,cuda,outputs_final/resnet18_mnist/erm/N5000/seed4/config_resolved.yaml,outputs_final/resnet18_mnist/erm/N5000/seed4/checkpoint.pt,outputs_final/resnet18_mnist/erm/N5000/seed4/metrics.json,source=autodl_rtx4090_cuda12_4
resnet18_mnist_groupdro_N0_seed0,completed,resnet18_mnist,groupdro,0,0,0,0,,2026-07-12T03:25:55+02:00,cuda,outputs_final/resnet18_mnist/groupdro/N0/seed0/config_resolved.yaml,,outputs_final/resnet18_mnist/groupdro/N0/seed0/metrics.json,source=autodl_rtx4090_cuda12_4
resnet18_mnist_groupdro_N0_seed1,completed,resnet18_mnist,groupdro,0,1,1,1,,2026-07-12T03:28:39+02:00,cuda,outputs_final/resnet18_mnist/groupdro/N0/seed1/config_resolved.yaml,,outputs_final/resnet18_mnist/groupdro/N0/seed1/metrics.json,source=autodl_rtx4090_cuda12_4
resnet18_mnist_groupdro_N0_seed2,completed,resnet18_mnist,groupdro,0,2,2,2,,2026-07-12T03:31:14+02:00,cuda,outputs_final/resnet18_mnist/groupdro/N0/seed2/config_resolved.yaml,,outputs_final/resnet18_mnist/groupdro/N0/seed2/metrics.json,source=autodl_rtx4090_cuda12_4
resnet18_mnist_groupdro_N0_seed3,completed,resnet18_mnist,groupdro,0,3,3,3,,2026-07-12T03:34:08+02:00,cuda,outputs_final/resnet18_mnist/groupdro/N0/seed3/config_resolved.yaml,,outputs_final/resnet18_mnist/groupdro/N0/seed3/metrics.json,source=autodl_rtx4090_cuda12_4
resnet18_mnist_groupdro_N0_seed4,completed,resnet18_mnist,groupdro,0,4,4,4,,2026-07-12T03:36:47+02:00,cuda,outputs_final/resnet18_mnist/groupdro/N0/seed4/config_resolved.yaml,,outputs_final/resnet18_mnist/groupdro/N0/seed4/metrics.json,source=autodl_rtx4090_cuda12_4
resnet18_mnist_groupdro_N100_seed0,completed,resnet18_mnist,groupdro,100,0,0,0,,2026-07-12T03:53:17+02:00,cuda,outputs_final/resnet18_mnist/groupdro/N100/seed0/config_resolved.yaml,,outputs_final/resnet18_mnist/groupdro/N100/seed0/metrics.json,source=autodl_rtx4090_cuda12_4
resnet18_mnist_groupdro_N100_seed1,completed,resnet18_mnist,groupdro,100,1,1,1,,2026-07-12T03:56:07+02:00,cuda,outputs_final/resnet18_mnist/groupdro/N100/seed1/config_resolved.yaml,,outputs_final/resnet18_mnist/groupdro/N100/seed1/metrics.json,source=autodl_rtx4090_cuda12_4
resnet18_mnist_groupdro_N100_seed2,completed,resnet18_mnist,groupdro,100,2,2,2,,2026-07-12T03:58:59+02:00,cuda,outputs_final/resnet18_mnist/groupdro/N100/seed2/config_resolved.yaml,,outputs_final/resnet18_mnist/groupdro/N100/seed2/metrics.json,source=autodl_rtx4090_cuda12_4
resnet18_mnist_groupdro_N100_seed3,completed,resnet18_mnist,groupdro,100,3,3,3,,2026-07-12T04:01:42+02:00,cuda,outputs_final/resnet18_mnist/groupdro/N100/seed3/config_resolved.yaml,,outputs_final/resnet18_mnist/groupdro/N100/seed3/metrics.json,source=autodl_rtx4090_cuda12_4
resnet18_mnist_groupdro_N100_seed4,completed,resnet18_mnist,groupdro,100,4,4,4,,2026-07-12T04:04:28+02:00,cuda,outputs_final/resnet18_mnist/groupdro/N100/seed4/config_resolved.yaml,,outputs_final/resnet18_mnist/groupdro/N100/seed4/metrics.json,source=autodl_rtx4090_cuda12_4
resnet18_mnist_groupdro_N1000_seed0,completed,resnet18_mnist,groupdro,1000,0,0,0,,2026-07-12T04:34:29+02:00,cuda,outputs_final/resnet18_mnist/groupdro/N1000/seed0/config_resolved.yaml,,outputs_final/resnet18_mnist/groupdro/N1000/seed0/metrics.json,source=autodl_rtx4090_cuda12_4
resnet18_mnist_groupdro_N1000_seed1,completed,resnet18_mnist,groupdro,1000,1,1,1,,2026-07-12T04:37:09+02:00,cuda,outputs_final/resnet18_mnist/groupdro/N1000/seed1/config_resolved.yaml,,outputs_final/resnet18_mnist/groupdro/N1000/seed1/metrics.json,source=autodl_rtx4090_cuda12_4
resnet18_mnist_groupdro_N1000_seed2,completed,resnet18_mnist,groupdro,1000,2,2,2,,2026-07-12T04:40:06+02:00,cuda,outputs_final/resnet18_mnist/groupdro/N1000/seed2/config_resolved.yaml,,outputs_final/resnet18_mnist/groupdro/N1000/seed2/metrics.json,source=autodl_rtx4090_cuda12_4
resnet18_mnist_groupdro_N1000_seed3,completed,resnet18_mnist,groupdro,1000,3,3,3,,2026-07-12T04:42:52+02:00,cuda,outputs_final/resnet18_mnist/groupdro/N1000/seed3/config_resolved.yaml,,outputs_final/resnet18_mnist/groupdro/N1000/seed3/metrics.json,source=autodl_rtx4090_cuda12_4
resnet18_mnist_groupdro_N1000_seed4,completed,resnet18_mnist,groupdro,1000,4,4,4,,2026-07-12T04:45:14+02:00,cuda,outputs_final/resnet18_mnist/groupdro/N1000/seed4/config_resolved.yaml,,outputs_final/resnet18_mnist/groupdro/N1000/seed4/metrics.json,source=autodl_rtx4090_cuda12_4
resnet18_mnist_groupdro_N250_seed0,completed,resnet18_mnist,groupdro,250,0,0,0,,2026-07-12T04:06:57+02:00,cuda,outputs_final/resnet18_mnist/groupdro/N250/seed0/config_resolved.yaml,,outputs_final/resnet18_mnist/groupdro/N250/seed0/metrics.json,source=autodl_rtx4090_cuda12_4
resnet18_mnist_groupdro_N250_seed1,completed,resnet18_mnist,groupdro,250,1,1,1,,2026-07-12T04:09:37+02:00,cuda,outputs_final/resnet18_mnist/groupdro/N250/seed1/config_resolved.yaml,,outputs_final/resnet18_mnist/groupdro/N250/seed1/metrics.json,source=autodl_rtx4090_cuda12_4
resnet18_mnist_groupdro_N250_seed2,completed,resnet18_mnist,groupdro,250,2,2,2,,2026-07-12T04:11:54+02:00,cuda,outputs_final/resnet18_mnist/groupdro/N250/seed2/config_resolved.yaml,,outputs_final/resnet18_mnist/groupdro/N250/seed2/metrics.json,source=autodl_rtx4090_cuda12_4
resnet18_mnist_groupdro_N250_seed3,completed,resnet18_mnist,groupdro,250,3,3,3,,2026-07-12T04:14:30+02:00,cuda,outputs_final/resnet18_mnist/groupdro/N250/seed3/config_resolved.yaml,,outputs_final/resnet18_mnist/groupdro/N250/seed3/metrics.json,source=autodl_rtx4090_cuda12_4
resnet18_mnist_groupdro_N250_seed4,completed,resnet18_mnist,groupdro,250,4,4,4,,2026-07-12T04:17:23+02:00,cuda,outputs_final/resnet18_mnist/groupdro/N250/seed4/config_resolved.yaml,,outputs_final/resnet18_mnist/groupdro/N250/seed4/metrics.json,source=autodl_rtx4090_cuda12_4
resnet18_mnist_groupdro_N2500_seed0,completed,resnet18_mnist,groupdro,2500,0,0,0,,2026-07-12T04:48:12+02:00,cuda,outputs_final/resnet18_mnist/groupdro/N2500/seed0/config_resolved.yaml,,outputs_final/resnet18_mnist/groupdro/N2500/seed0/metrics.json,source=autodl_rtx4090_cuda12_4
resnet18_mnist_groupdro_N2500_seed1,completed,resnet18_mnist,groupdro,2500,1,1,1,,2026-07-12T04:51:12+02:00,cuda,outputs_final/resnet18_mnist/groupdro/N2500/seed1/config_resolved.yaml,,outputs_final/resnet18_mnist/groupdro/N2500/seed1/metrics.json,source=autodl_rtx4090_cuda12_4
resnet18_mnist_groupdro_N2500_seed2,completed,resnet18_mnist,groupdro,2500,2,2,2,,2026-07-12T04:54:09+02:00,cuda,outputs_final/resnet18_mnist/groupdro/N2500/seed2/config_resolved.yaml,,outputs_final/resnet18_mnist/groupdro/N2500/seed2/metrics.json,source=autodl_rtx4090_cuda12_4
resnet18_mnist_groupdro_N2500_seed3,completed,resnet18_mnist,groupdro,2500,3,3,3,,2026-07-12T04:57:05+02:00,cuda,outputs_final/resnet18_mnist/groupdro/N2500/seed3/config_resolved.yaml,,outputs_final/resnet18_mnist/groupdro/N2500/seed3/metrics.json,source=autodl_rtx4090_cuda12_4
resnet18_mnist_groupdro_N2500_seed4,completed,resnet18_mnist,groupdro,2500,4,4,4,,2026-07-12T04:59:55+02:00,cuda,outputs_final/resnet18_mnist/groupdro/N2500/seed4/config_resolved.yaml,,outputs_final/resnet18_mnist/groupdro/N2500/seed4/metrics.json,source=autodl_rtx4090_cuda12_4
resnet18_mnist_groupdro_N50_seed0,completed,resnet18_mnist,groupdro,50,0,0,0,,2026-07-12T03:39:37+02:00,cuda,outputs_final/resnet18_mnist/groupdro/N50/seed0/config_resolved.yaml,,outputs_final/resnet18_mnist/groupdro/N50/seed0/metrics.json,source=autodl_rtx4090_cuda12_4
resnet18_mnist_groupdro_N50_seed1,completed,resnet18_mnist,groupdro,50,1,1,1,,2026-07-12T03:42:31+02:00,cuda,outputs_final/resnet18_mnist/groupdro/N50/seed1/config_resolved.yaml,,outputs_final/resnet18_mnist/groupdro/N50/seed1/metrics.json,source=autodl_rtx4090_cuda12_4
resnet18_mnist_groupdro_N50_seed2,completed,resnet18_mnist,groupdro,50,2,2,2,,2026-07-12T03:44:59+02:00,cuda,outputs_final/resnet18_mnist/groupdro/N50/seed2/config_resolved.yaml,,outputs_final/resnet18_mnist/groupdro/N50/seed2/metrics.json,source=autodl_rtx4090_cuda12_4
resnet18_mnist_groupdro_N50_seed3,completed,resnet18_mnist,groupdro,50,3,3,3,,2026-07-12T03:47:57+02:00,cuda,outputs_final/resnet18_mnist/groupdro/N50/seed3/config_resolved.yaml,,outputs_final/resnet18_mnist/groupdro/N50/seed3/metrics.json,source=autodl_rtx4090_cuda12_4
resnet18_mnist_groupdro_N50_seed4,completed,resnet18_mnist,groupdro,50,4,4,4,,2026-07-12T03:50:57+02:00,cuda,outputs_final/resnet18_mnist/groupdro/N50/seed4/config_resolved.yaml,,outputs_final/resnet18_mnist/groupdro/N50/seed4/metrics.json,source=autodl_rtx4090_cuda12_4
resnet18_mnist_groupdro_N500_seed0,completed,resnet18_mnist,groupdro,500,0,0,0,,2026-07-12T04:20:02+02:00,cuda,outputs_final/resnet18_mnist/groupdro/N500/seed0/config_resolved.yaml,,outputs_final/resnet18_mnist/groupdro/N500/seed0/metrics.json,source=autodl_rtx4090_cuda12_4
resnet18_mnist_groupdro_N500_seed1,completed,resnet18_mnist,groupdro,500,1,1,1,,2026-07-12T04:23:02+02:00,cuda,outputs_final/resnet18_mnist/groupdro/N500/seed1/config_resolved.yaml,,outputs_final/resnet18_mnist/groupdro/N500/seed1/metrics.json,source=autodl_rtx4090_cuda12_4
resnet18_mnist_groupdro_N500_seed2,completed,resnet18_mnist,groupdro,500,2,2,2,,2026-07-12T04:26:01+02:00,cuda,outputs_final/resnet18_mnist/groupdro/N500/seed2/config_resolved.yaml,,outputs_final/resnet18_mnist/groupdro/N500/seed2/metrics.json,source=autodl_rtx4090_cuda12_4
resnet18_mnist_groupdro_N500_seed3,completed,resnet18_mnist,groupdro,500,3,3,3,,2026-07-12T04:28:52+02:00,cuda,outputs_final/resnet18_mnist/groupdro/N500/seed3/config_resolved.yaml,,outputs_final/resnet18_mnist/groupdro/N500/seed3/metrics.json,source=autodl_rtx4090_cuda12_4
resnet18_mnist_groupdro_N500_seed4,completed,resnet18_mnist,groupdro,500,4,4,4,,2026-07-12T04:31:42+02:00,cuda,outputs_final/resnet18_mnist/groupdro/N500/seed4/config_resolved.yaml,,outputs_final/resnet18_mnist/groupdro/N500/seed4/metrics.json,source=autodl_rtx4090_cuda12_4
resnet18_mnist_groupdro_N5000_seed0,completed,resnet18_mnist,groupdro,5000,0,0,0,,2026-07-12T05:02:34+02:00,cuda,outputs_final/resnet18_mnist/groupdro/N5000/seed0/config_resolved.yaml,,outputs_final/resnet18_mnist/groupdro/N5000/seed0/metrics.json,source=autodl_rtx4090_cuda12_4
resnet18_mnist_groupdro_N5000_seed1,completed,resnet18_mnist,groupdro,5000,1,1,1,,2026-07-12T05:05:28+02:00,cuda,outputs_final/resnet18_mnist/groupdro/N5000/seed1/config_resolved.yaml,,outputs_final/resnet18_mnist/groupdro/N5000/seed1/metrics.json,source=autodl_rtx4090_cuda12_4
resnet18_mnist_groupdro_N5000_seed2,completed,resnet18_mnist,groupdro,5000,2,2,2,,2026-07-12T05:07:56+02:00,cuda,outputs_final/resnet18_mnist/groupdro/N5000/seed2/config_resolved.yaml,,outputs_final/resnet18_mnist/groupdro/N5000/seed2/metrics.json,source=autodl_rtx4090_cuda12_4
resnet18_mnist_groupdro_N5000_seed3,completed,resnet18_mnist,groupdro,5000,3,3,3,,2026-07-12T05:11:03+02:00,cuda,outputs_final/resnet18_mnist/groupdro/N5000/seed3/config_resolved.yaml,,outputs_final/resnet18_mnist/groupdro/N5000/seed3/metrics.json,source=autodl_rtx4090_cuda12_4
resnet18_mnist_groupdro_N5000_seed4,completed,resnet18_mnist,groupdro,5000,4,4,4,,2026-07-12T05:13:42+02:00,cuda,outputs_final/resnet18_mnist/groupdro/N5000/seed4/config_resolved.yaml,,outputs_final/resnet18_mnist/groupdro/N5000/seed4/metrics.json,source=autodl_rtx4090_cuda12_4
